_year,_category,_parsed_date,company,subject,description,heading,title,announcementType,type,date,announcementDate,publishedDate,createdDate,id,announcementId,announcementCategory,category,companyName,logoUrl,_date_field,remarks
2026,Buy-In Board Announcements,2026-05-11 14:02:39,TRADING AND MARKET SURVEILLANCE,,,,,,,,,,11 May 2026 02:02:39 PM,30928,36950,BUY-IN BOARD DISCLOSURES,60,,,createdDate,
2026,Non-Compliance Announcements,2026-05-11 10:12:34,LANKA WALLTILES PLC,,,,,,,,,,11 May 2026 10:12:34 AM,30924,36941,NON-COMPLIANCE OF CORPORATE GOVERNANCE RULES,39,,upload_logo/rjQu3MIImbVm4Q5c_22Jul2024093537GMT_1721640937226.jpeg,createdDate,
2026,New Listings Announcements,2026-05-08 17:02:54,TRADING AND MARKET SURVEILLANCE,,,,,,,,,,08 May 2026 05:02:54 PM,30919,36939,NEW LISTINGS RELATED NOTICES,59,,,createdDate,"Abans Finance PLC (“Company”) – Listed, Rated, Senior, Unsecured, Redeemable Debentures 2026"
2026,Non-Compliance Announcements,2026-05-06 15:22:59,ACME PRINTING & PACKAGING PLC,,,,,,,,,,06 May 2026 03:22:59 PM,30890,36901,INDEPENDENT AUDITOR'S REPORT CONTAINING AN EMPHASIS OF MATTER ON GOING CONCERN,42,,upload_logo/661_1601609771.jpeg,createdDate,
2026,Buy-In Board Announcements,2026-05-06 13:50:14,TRADING AND MARKET SURVEILLANCE,,,,,,,,,,06 May 2026 01:50:14 PM,30889,36906,BUY-IN BOARD DISCLOSURES,60,,,createdDate,
2026,Non-Compliance Announcements,2026-05-06 10:13:01,ODEL PLC,,,,,,,,,,06 May 2026 10:13:01 AM,30887,36893,INDEPENDENT AUDITOR'S REPORT CONTAINING AN EMPHASIS OF MATTER ON GOING CONCERN,42,,,createdDate,
2026,Non-Compliance Announcements,2026-05-05 16:23:26,MILLENNIUM HOUSING DEVELOPERS PLC,,,,,,,,,,05 May 2026 04:23:26 PM,30877,36855,INDEPENDENT AUDITOR'S REPORT CONTAINING AN EMPHASIS OF MATTER ON GOING CONCERN,42,,upload_logo/1304_1392780761.jpeg,createdDate,
2026,Non-Compliance Announcements,2026-05-05 16:16:16,LOLC FINANCE PLC,,,,,,,,,,05 May 2026 04:16:16 PM,30876,36886,NON-COMPLIANCE OF MINIMUM PUBLIC HOLDING REQUIREMENTS,40,,upload_logo/TsNgkWUI2a1CtTbN_27Dec2025051430GMT_1766812470566.jpeg,createdDate,
2026,Non-Compliance Announcements,2026-05-05 10:07:26,ASSOCIATED MOTOR FINANCE COMPANY PLC,,,,,,,,,,05 May 2026 10:07:26 AM,30865,36870,NON-COMPLIANCE OF CORPORATE GOVERNANCE RULES,39,,upload_logo/1068_1311838497.jpeg,createdDate,
2025,New Listings Announcements,2025-05-30 17:13:07,TRADING AND MARKET SURVEILLANCE,,,,,,,,,,30 May 2025 05:13:07 PM,26224,31170,NEW LISTINGS RELATED NOTICES,59,,,createdDate,BANK OF CEYLON (“BANK”) – BASEL III COMPLIANT DEBENTURE ISSUE WITH NON-VIABILITY WRITE DOWN FEATURES	
2025,New Listings Announcements,2025-05-27 17:04:04,TRADING AND MARKET SURVEILLANCE,,,,,,,,,,27 May 2025 05:04:04 PM,26147,31055,NEW LISTINGS RELATED NOTICES,59,,,createdDate,"CAPITAL ALLIANCE HOLDINGS LTD (“THE COMPANY”) – INITIAL PUBLIC OFFERING OF ORDINARY VOTING 
SHARES"
2025,Buy-In Board Announcements,2025-05-23 14:07:33,TRADING AND MARKET SURVEILLANCE,,,,,,,,,,23 May 2025 02:07:33 PM,26096,30997,BUY-IN BOARD DISCLOSURES,60,,,createdDate,
2025,Buy-In Board Announcements,2025-05-22 14:09:17,TRADING AND MARKET SURVEILLANCE,,,,,,,,,,22 May 2025 02:09:17 PM,26088,30986,BUY-IN BOARD DISCLOSURES,60,,,createdDate,
2025,Buy-In Board Announcements,2025-05-21 14:08:39,TRADING AND MARKET SURVEILLANCE,,,,,,,,,,21 May 2025 02:08:39 PM,26076,30973,BUY-IN BOARD DISCLOSURES,60,,,createdDate,
2025,New Listings Announcements,2025-05-20 20:48:16,TRADING AND MARKET SURVEILLANCE,,,,,,,,,,20 May 2025 08:48:16 PM,26071,30964,NEW LISTINGS RELATED NOTICES,59,,,createdDate,CAPITAL ALLIANCE HOLDINGS LIMITED - BASIS OF ALLOTMENT
2025,New Listings Announcements,2025-05-20 20:43:59,TRADING AND MARKET SURVEILLANCE,,,,,,,,,,20 May 2025 08:43:59 PM,26069,30966,NEW LISTINGS RELATED NOTICES,59,,,createdDate,"Hayleys PLC (“Company”) – Issuance of 70,000,000 Listed Rated Unsecured Senior Redeemable 
Debentures - 2025"
2025,New Listings Announcements,2025-05-19 17:05:07,TRADING AND MARKET SURVEILLANCE,,,,,,,,,,19 May 2025 05:05:07 PM,26053,30940,NEW LISTINGS RELATED NOTICES,59,,,createdDate,"CAPITAL ALLIANCE HOLDINGS LIMITED - INITIAL PUBLIC OFFER 2025-FINAL FIGURES
"
2025,New Listings Announcements,2025-05-10 13:49:16,TRADING AND MARKET SURVEILLANCE,,,,,,,,,,10 May 2025 01:49:16 PM,25978,30845,NEW LISTINGS RELATED NOTICES,59,,,createdDate,"Merchant Bank of Sri Lanka & Finance PLC (“Company”) – Issuance of 10,000,000 Unsecured,
Subordinated, Redeemable, Listed, Rated Debentures 2025"
2025,New Listings Announcements,2025-05-08 09:31:04,TRADING AND MARKET SURVEILLANCE,,,,,,,,,,08 May 2025 09:31:04 AM,25948,30813,NEW LISTINGS RELATED NOTICES,59,,,createdDate,CAPITAL ALLIANCE HOLDINGS LIMITED – INITIAL PUBLIC OFFERING
2025,New Listings Announcements,2025-05-06 11:09:09,TRADING AND MARKET SURVEILLANCE,,,,,,,,,,06 May 2025 11:09:09 AM,25915,30778,NEW LISTINGS RELATED NOTICES,59,,,createdDate,Bank of Ceylon (“Bank”) – BASEL III Compliant Debenture Issue with Non-Viability Write Down Features
2025,New Listings Announcements,2025-05-05 17:13:05,TRADING AND MARKET SURVEILLANCE,,,,,,,,,,05 May 2025 05:13:05 PM,25907,30760,NEW LISTINGS RELATED NOTICES,59,,,createdDate,"First Capital Treasuries PLC (“Company”) – Issuance of 30,000,000 Redeemable Debentures - 2025"
2024,Buy-In Board Announcements,2024-05-02 13:20:17,TRADING AND MARKET SURVEILLANCE,,,,,,,,,,02 May 2024 01:20:17 PM,20526,24067,BUY-IN BOARD DISCLOSURES,60,,,createdDate,
2023,Buy-In Board Announcements,2023-05-24 13:06:07,TRADING AND MARKET SURVEILLANCE,,,,,,,,,,24 May 2023 01:06:07 PM,16889,19528,BUY-IN BOARD DISCLOSURES,60,,,createdDate,
2022,New Listings Announcements,2022-05-31 10:38:15,TRADING AND MARKET SURVEILLANCE,,,,,,,,,,31 May 2022 10:38:15 AM,13024,15023,NEW LISTINGS RELATED NOTICES,59,,,createdDate,LUMINEX LIMITED - INITIAL PUBLIC OFFERING (SUMMARY OF APPLICATIONS RECEIVED)	
2022,New Listings Announcements,2022-05-30 15:17:08,TRADING AND MARKET SURVEILLANCE,,,,,,,,,,30 May 2022 03:17:08 PM,12998,14996,NEW LISTINGS RELATED NOTICES,59,,,createdDate,LUMINEX LIMITED - INITIAL PUBLIC OFFERING (SUMMARY OF APPLICATIONS RECEIVED)
2022,Buy-In Board Announcements,2022-05-30 11:41:23,TRADING AND MARKET SURVEILLANCE,,,,,,,,,,30 May 2022 11:41:23 AM,12995,14991,BUY-IN BOARD DISCLOSURES,60,,,createdDate,
2022,New Listings Announcements,2022-05-30 11:19:24,TRADING AND MARKET SURVEILLANCE,,,,,,,,,,30 May 2022 11:19:24 AM,12994,14988,NEW LISTINGS RELATED NOTICES,59,,,createdDate,CL SYNERGY LIMITED - WITHDRAWAL OF THE INITIAL PUBLIC OFFERING OF CL SYNERGY LIMITED
2022,New Listings Announcements,2022-05-27 12:29:04,TRADING AND MARKET SURVEILLANCE,,,,,,,,,,27 May 2022 12:29:04 PM,12963,14947,NEW LISTINGS RELATED NOTICES,59,,,createdDate,LUMINEX LIMITED - INITIAL PUBLIC OFFERING (SUMMARY OF APPLICATIONS RECEIVED)
2022,Buy-In Board Announcements,2022-05-27 11:32:31,TRADING AND MARKET SURVEILLANCE,,,,,,,,,,27 May 2022 11:32:31 AM,12962,14946,BUY-IN BOARD DISCLOSURES,60,,,createdDate,
2022,New Listings Announcements,2022-05-26 13:59:01,TRADING AND MARKET SURVEILLANCE,,,,,,,,,,26 May 2022 01:59:01 PM,12955,14939,NEW LISTINGS RELATED NOTICES,59,,,createdDate,"
LUMINEX LIMITED - INITIAL PUBLIC OFFERING (SUMMARY OF APPLICATIONS RECEIVED)"
2022,Buy-In Board Announcements,2022-05-26 11:34:46,TRADING AND MARKET SURVEILLANCE,,,,,,,,,,26 May 2022 11:34:46 AM,12954,14937,BUY-IN BOARD DISCLOSURES,60,,,createdDate,
2022,New Listings Announcements,2022-05-25 15:23:05,TRADING AND MARKET SURVEILLANCE,,,,,,,,,,25 May 2022 03:23:05 PM,12940,14923,NEW LISTINGS RELATED NOTICES,59,,,createdDate,LUMINEX LIMITED - INITIAL PUBLIC OFFERING (SUMMARY OF APPLICATIONS RECEIVED)
2022,New Listings Announcements,2022-05-25 10:50:11,TRADING AND MARKET SURVEILLANCE,,,,,,,,,,25 May 2022 10:50:11 AM,12938,14921,NEW LISTINGS RELATED NOTICES,59,,,createdDate,ALPHA FIRE SERVICES LIMITED (THE COMPANY) - INTRODUCTION
2022,New Listings Announcements,2022-05-24 12:32:42,TRADING AND MARKET SURVEILLANCE,,,,,,,,,,24 May 2022 12:32:42 PM,12929,14911,NEW LISTINGS RELATED NOTICES,59,,,createdDate,LUMINEX LIMITED - INITIAL PUBLIC OFFERING - SUMMARY OF APPLICATIONS RECEIVED
2022,New Listings Announcements,2022-05-23 12:28:08,TRADING AND MARKET SURVEILLANCE,,,,,,,,,,23 May 2022 12:28:08 PM,12912,14891,NEW LISTINGS RELATED NOTICES,59,,,createdDate,LUMINEX LIMITED - INITIAL PUBLIC OFFERING (SUMMARY OF APPLICATIONS RECEIVED)
2022,New Listings Announcements,2022-05-20 16:23:52,TRADING AND MARKET SURVEILLANCE,,,,,,,,,,20 May 2022 04:23:52 PM,12893,14881,NEW LISTINGS RELATED NOTICES,59,,,createdDate,LUMINEX LIMITED - INITIAL PUBLIC OFFERING (SUMMARY OF APPLICATIONS RECEIVED)
2022,Buy-In Board Announcements,2022-05-20 11:44:30,TRADING AND MARKET SURVEILLANCE,,,,,,,,,,20 May 2022 11:44:30 AM,12884,14871,BUY-IN BOARD DISCLOSURES,60,,,createdDate,
2022,Buy-In Board Announcements,2022-05-12 11:38:18,TRADING AND MARKET SURVEILLANCE,,,,,,,,,,12 May 2022 11:38:18 AM,12809,14791,BUY-IN BOARD DISCLOSURES,60,,,createdDate,
2022,New Listings Announcements,2022-05-11 15:44:08,TRADING AND MARKET SURVEILLANCE,,,,,,,,,,11 May 2022 03:44:08 PM,12793,14771,NEW LISTINGS RELATED NOTICES,59,,,createdDate,"MARKET ANNOUNCEMENT - LUMINEX LIMITED – INITIAL PUBLIC OFFERING
NOTICE OF CHANGE OF SCHEDULE DATE OF THE IPO"
2022,Buy-In Board Announcements,2022-05-09 11:41:03,TRADING AND MARKET SURVEILLANCE,,,,,,,,,,09 May 2022 11:41:03 AM,12776,14753,BUY-IN BOARD DISCLOSURES,60,,,createdDate,
2022,Buy-In Board Announcements,2022-05-05 11:52:06,TRADING AND MARKET SURVEILLANCE,,,,,,,,,,05 May 2022 11:52:06 AM,12722,14703,BUY-IN BOARD DISCLOSURES,60,,,createdDate,
2026,New Listings Announcements,,TRADING AND MARKET SURVEILLANCE,,,,,,,,,,28 Apr 2026 03:21:51 PM,30776,36794,NEW LISTINGS RELATED NOTICES,59,,,createdDate,JANASHAKTHI LIMITED (“COMPANY”) – INITIAL PUBLIC OFFERING OF ORDINARY VOTING SHARES
2026,New Listings Announcements,,TRADING AND MARKET SURVEILLANCE,,,,,,,,,,24 Apr 2026 06:56:36 PM,30757,36763,NEW LISTINGS RELATED NOTICES,59,,,createdDate,JANASHAKTHI LIMITED – INITIAL PUBLIC OFFER 2026 – RESPONSE TO CONCERNS REGARDING BASIS OF ALLOTMENT TO NON-RETAIL INVESTORS
2026,New Listings Announcements,,TRADING AND MARKET SURVEILLANCE,,,,,,,,,,22 Apr 2026 09:43:47 AM,30726,36722,NEW LISTINGS RELATED NOTICES,59,,,createdDate,JANASHAKTHI LIMITED - INITIAL PUBLIC OFFER 2026 -BASIS OF ALLOTMENT
2026,New Listings Announcements,,TRADING AND MARKET SURVEILLANCE,,,,,,,,,,21 Apr 2026 11:41:42 AM,30714,36710,NEW LISTINGS RELATED NOTICES,59,,,createdDate,JANASHAKTHI LIMITED-INITIAL PUBLIC OFFER 2026-FINAL FIGURES
2026,New Listings Announcements,,TRADING AND MARKET SURVEILLANCE,,,,,,,,,,09 Apr 2026 09:56:14 AM,30626,36622,NEW LISTINGS RELATED NOTICES,59,,,createdDate,JANASHAKTHI LIMITED- INITIAL PUBLIC OFFERING-OVERSUBSCRIPTION
2026,New Listings Announcements,,TRADING AND MARKET SURVEILLANCE,,,,,,,,,,31 Mar 2026 07:16:09 PM,30492,36505,NEW LISTINGS RELATED NOTICES,59,,,createdDate,"MAHINDRA IDEAL FINANCE LIMITED (“COMPANY”) – ISSUANCE OF 10,000,000 TIER 2, LISTED, RATED, UNSECURED, SUBORDINATED, REDEEMABLE, 5-YEAR DEBENTURES"
2026,New Listings Announcements,,TRADING AND MARKET SURVEILLANCE,,,,,,,,,,27 Mar 2026 09:11:55 PM,30429,36385,NEW LISTINGS RELATED NOTICES,59,,,createdDate,"HAYLEYS PLC (“COMPANY”) – LISTED, RATED, UNSECURED, SENIOR, REDEEMABLE DEBENTURES"
2026,New Listings Announcements,,TRADING AND MARKET SURVEILLANCE,,,,,,,,,,26 Mar 2026 04:56:17 PM,30400,36352,NEW LISTINGS RELATED NOTICES,59,,,createdDate,"MAHINDRA IDEAL FINANCE LIMITED (""T'HE COMPANY"") - DEBENTURE ISSUE 2026-BASIS OF ALLOTMENT"
2026,New Listings Announcements,,TRADING AND MARKET SURVEILLANCE,,,,,,,,,,26 Mar 2026 04:54:18 PM,30399,36349,NEW LISTINGS RELATED NOTICES,59,,,createdDate,MAHINDRA IDEAL FINANCE LIMITED- DEBENTURE ISSUE 2026-FINAL FIGURES
2026,New Listings Announcements,,TRADING AND MARKET SURVEILLANCE,,,,,,,,,,23 Mar 2026 05:01:06 PM,30352,36292,NEW LISTINGS RELATED NOTICES,59,,,createdDate,MAHINDRA IDEAL FINANCE LIMITED-DEBENTURE ISSUE 2026
2026,New Listings Announcements,,TRADING AND MARKET SURVEILLANCE,,,,,,,,,,20 Mar 2026 08:26:20 PM,30343,36271,NEW LISTINGS RELATED NOTICES,59,,,createdDate,JANASHAKTHI LIMITED (‘COMPANY’) -INITIAL PUBLIC OFFERING OF ORDINARY VOTING SHARES VIA AN OFFER FOR SUBSCRIPTION
2026,New Listings Announcements,,TRADING AND MARKET SURVEILLANCE,,,,,,,,,,20 Mar 2026 08:25:47 PM,30342,36270,NEW LISTINGS RELATED NOTICES,59,,,createdDate,"UNION BANK OF COLOMBO PLC (“BANK”) – BASEL III COMPLIANT, TIER 2, LISTED, RATED, UNSECURED, SUBORDINATED, REDEEMABLE, HIGH YIELD 5 YEAR DEBENTURES"
2026,New Listings Announcements,,TRADING AND MARKET SURVEILLANCE,,,,,,,,,,20 Mar 2026 08:17:31 AM,30323,36248,NEW LISTINGS RELATED NOTICES,59,,,createdDate,"NATIONAL DEVELOPMENT BANK PLC (“BANK”) – BASEL III COMPLIANT TIER 2, LISTED, RATED, UNSECURED, SUBORDINATED, REDEEMABLE GSS+ BONDS WITH NON-VIABILITY WRITE-DOWN FEATURES"
2026,New Listings Announcements,,TRADING AND MARKET SURVEILLANCE,,,,,,,,,,17 Mar 2026 05:17:32 PM,30301,36223,NEW LISTINGS RELATED NOTICES,59,,,createdDate,"MAHINDRA IDEAL FINANCE LIMITED (“COMPANY”) – TIER 2, LISTED, RATED, UNSECURED, SUBORDINATED, REDEEMABLE, 5-YEAR DEBENTURES"
2026,New Listings Announcements,,TRADING AND MARKET SURVEILLANCE,,,,,,,,,,13 Mar 2026 08:54:23 PM,30270,36180,NEW LISTINGS RELATED NOTICES,59,,,createdDate,"SIYAPATHA FINANCE PLC (“COMPANY”) – ISSUANCE OF LISTED, RATED, SUBORDINATED, UNSECURED, REDEEMABLE DEBENTURES 2026"
2026,New Listings Announcements,,TRADING AND MARKET SURVEILLANCE,,,,,,,,,,11 Mar 2026 05:12:32 PM,30240,36151,NEW LISTINGS RELATED NOTICES,59,,,createdDate,HAYLEYS PLC (“THE COMPANY”) – LISTED RATED UNSECURED SENIOR REDEEMABLE DEBENTURES
2026,New Listings Announcements,,TRADING AND MARKET SURVEILLANCE,,,,,,,,,,05 Mar 2026 09:52:25 AM,30147,36051,NEW LISTINGS RELATED NOTICES,59,,,createdDate,"NATIONAL DEVELOPMENT BANK PLC (“BANK”) – BASEL III COMPLIANT TIER 2, LISTED, RATED, UNSECURED, SUBORDINATED, REDEEMABLE GSS+ BONDS WITH NON-VIABILITY WRITE-DOWN FEATURES"
2026,New Listings Announcements,,TRADING AND MARKET SURVEILLANCE,,,,,,,,,,27 Feb 2026 04:37:21 PM,30067,35952,NEW LISTINGS RELATED NOTICES,59,,,createdDate,"UNION BANK OF COLOMBO PLC (“BANK”) – BASEL III COMPLIANT, TIER 2, LISTED, RATED, UNSECURED, SUBORDINATED, REDEEMABLE, HIGH YIELD 5 YEAR DEBENTURES"
2026,New Listings Announcements,,TRADING AND MARKET SURVEILLANCE,,,,,,,,,,19 Feb 2026 04:41:14 PM,29958,35814,NEW LISTINGS RELATED NOTICES,59,,,createdDate,"DFCC BANK PLC (“BANK”) – BASEL III COMPLIANT TIER 2, LISTED, RATED, UNSECURED, SUBORDINATED, REDEEMABLE 5-YEAR (2026/31), 7-YEAR (2026-33) AND 10-YEAR (2026-36) GSS+ BONDS WITH NON-VIABILITY WRITE-DOWN FEATURES
"
2026,New Listings Announcements,,TRADING AND MARKET SURVEILLANCE,,,,,,,,,,18 Feb 2026 05:24:25 PM,29948,35804,NEW LISTINGS RELATED NOTICES,59,,,createdDate,CAL THREE YEAR CLOSED END FUND (“UNITS”) – INTRODUCTION
2026,New Listings Announcements,,TRADING AND MARKET SURVEILLANCE,,,,,,,,,,12 Feb 2026 10:22:18 AM,29870,35693,NEW LISTINGS RELATED NOTICES,59,,,createdDate,CAL THREE YEAR CLOSED END FUND (“UNITS”) – LISTING VIA AN INTRODUCTION
2026,New Listings Announcements,,TRADING AND MARKET SURVEILLANCE,,,,,,,,,,30 Jan 2026 10:20:54 AM,29733,35528,NEW LISTINGS RELATED NOTICES,59,,,createdDate,"DFCC Bank PLC (“Bank”) – Basel III compliant Tier 2, Listed, Rated, Unsecured, Subordinated, Redeemable 5-Year (2026/31), 7-Year (2026-33) and 10-Year (2026-36) GSS+ Bonds with Non-Viability Write-Down Features "
2026,New Listings Announcements,,TRADING AND MARKET SURVEILLANCE,,,,,,,,,,08 Jan 2026 05:17:55 PM,29474,35204,NEW LISTINGS RELATED NOTICES,59,,,createdDate,"Bank of Ceylon PLC (“Bank”) – Issuance of 200,000,000 Basel III compliant - Tier 2, Listed, Rated, Unsecured, Subordinated, Redeemable 5-year Sustainability Bonds with Non-Viability Write-Down Features"
2026,New Listings Announcements,,TRADING AND MARKET SURVEILLANCE,,,,,,,,,,05 Jan 2026 04:38:02 PM,29429,35149,NEW LISTINGS RELATED NOTICES,59,,,createdDate,WEALTHTRUST SECURITIES LIMITED (“COMPANY”) – INITIAL PUBLIC OFFERING OF ORDINARY VOTING SHARES
2026,Buy-In Board Announcements,,TRADING AND MARKET SURVEILLANCE,,,,,,,,,,28 Apr 2026 01:50:41 PM,30772,36790,BUY-IN BOARD DISCLOSURES,60,,,createdDate,
2026,Buy-In Board Announcements,,TRADING AND MARKET SURVEILLANCE,,,,,,,,,,09 Apr 2026 01:56:00 PM,30631,36624,BUY-IN BOARD DISCLOSURES,60,,,createdDate,
2026,Buy-In Board Announcements,,TRADING AND MARKET SURVEILLANCE,,,,,,,,,,08 Apr 2026 02:20:27 PM,30621,36617,BUY-IN BOARD DISCLOSURES,60,,,createdDate,
2026,Buy-In Board Announcements,,TRADING AND MARKET SURVEILLANCE,,,,,,,,,,25 Mar 2026 02:09:44 PM,30379,36320,BUY-IN BOARD DISCLOSURES,60,,,createdDate,
2026,Buy-In Board Announcements,,TRADING AND MARKET SURVEILLANCE,,,,,,,,,,20 Mar 2026 02:40:07 PM,30334,36258,BUY-IN BOARD DISCLOSURES,60,,,createdDate,
2026,Buy-In Board Announcements,,TRADING AND MARKET SURVEILLANCE,,,,,,,,,,05 Mar 2026 01:56:14 PM,30157,36059,BUY-IN BOARD DISCLOSURES,60,,,createdDate,
2026,Buy-In Board Announcements,,TRADING AND MARKET SURVEILLANCE,,,,,,,,,,30 Jan 2026 01:57:19 PM,29739,35535,BUY-IN BOARD DISCLOSURES,60,,,createdDate,
2026,Buy-In Board Announcements,,TRADING AND MARKET SURVEILLANCE,,,,,,,,,,13 Jan 2026 01:50:31 PM,29513,35249,BUY-IN BOARD DISCLOSURES,60,,,createdDate,
2025,New Listings Announcements,,TRADING AND MARKET SURVEILLANCE,,,,,,,,,,24 Dec 2025 04:24:51 PM,29320,35020,NEW LISTINGS RELATED NOTICES,59,,,createdDate,WEALTHTRUST SECURITIES LIMITED - EQUITY IPO 2025 - BASIS OF ALLOTMENT
2025,New Listings Announcements,,TRADING AND MARKET SURVEILLANCE,,,,,,,,,,24 Dec 2025 09:50:23 AM,29299,34996,NEW LISTINGS RELATED NOTICES,59,,,createdDate,WEALTHTRUST SECURITIES LIMITED – INITIAL PUBLIC OFFERING 
2025,New Listings Announcements,,TRADING AND MARKET SURVEILLANCE,,,,,,,,,,18 Dec 2025 04:47:34 PM,29223,34916,NEW LISTINGS RELATED NOTICES,59,,,createdDate,"ASSETLINE FINANCE LIMITED (“COMPANY”) – ISSUANCE OF 50,000,000 LISTED, RATED, UNSECURED, SENIOR, REDEEMABLE, 5-YEAR DEBENTURES
"
2025,New Listings Announcements,,TRADING AND MARKET SURVEILLANCE,,,,,,,,,,18 Dec 2025 04:46:30 PM,29222,34914,NEW LISTINGS RELATED NOTICES,59,,,createdDate,"HATTON NATIONAL BANK PLC (“BANK”) – ISSUANCE OF 100,000,000 LISTED, RATED, UNSECURED, REDEEMABLE, SENIOR SUSTAINABLE BONDS"
2025,New Listings Announcements,,TRADING AND MARKET SURVEILLANCE,,,,,,,,,,17 Dec 2025 09:24:19 AM,29201,34874,NEW LISTINGS RELATED NOTICES,59,,,createdDate,WEALTHTRUST SECURITIES LIMITED – INITIAL PUBLIC OFFERING 
2025,New Listings Announcements,,TRADING AND MARKET SURVEILLANCE,,,,,,,,,,16 Dec 2025 04:45:03 PM,29198,34872,NEW LISTINGS RELATED NOTICES,59,,,createdDate,"LOLC FINANCE PLC (“COMPANY”) – ISSUANCE OF 150,000,000 LISTED, RATED, SENIOR, UNSECURED, REDEEMABLE FIVE-YEAR DEBENTURES 2025"
2025,New Listings Announcements,,TRADING AND MARKET SURVEILLANCE,,,,,,,,,,15 Dec 2025 03:13:38 PM,29176,34849,NEW LISTINGS RELATED NOTICES,59,,,createdDate,"BANK OF CEYLON (“BANK”) – BASEL III COMPLIANT TIER 2, LISTED, RATED, UNSECURED, SUBORDINATED, REDEEMABLE 5-YEAR (2025/30) SUSTAINABILITY BONDS WITH NON-VIABILITY WRITE-DOWN FEATURES"
2025,New Listings Announcements,,TRADING AND MARKET SURVEILLANCE,,,,,,,,,,12 Dec 2025 12:21:36 PM,29146,34805,NEW LISTINGS RELATED NOTICES,59,,,createdDate,ASSETLINE FINANCE LIMITED-DEBENTURE ISSUE 2025-BASIS OF ALLOTMENT
2025,New Listings Announcements,,TRADING AND MARKET SURVEILLANCE,,,,,,,,,,12 Dec 2025 12:20:33 PM,29145,34804,NEW LISTINGS RELATED NOTICES,59,,,createdDate,ASSETLINE FINANCE LIMITED-DEBENTURE ISSUE 2025-FINAL FIGURES
2025,New Listings Announcements,,TRADING AND MARKET SURVEILLANCE,,,,,,,,,,10 Dec 2025 04:36:01 PM,29119,34771,NEW LISTINGS RELATED NOTICES,59,,,createdDate,"CBC FINANCE LIMITED (“COMPANY”) – ISSUANCE OF 15,000,000 LISTED, RATED, UNSECURED, SUBORDINATED, REDEEMABLE, DEBENTURES"
2025,New Listings Announcements,,TRADING AND MARKET SURVEILLANCE,,,,,,,,,,09 Dec 2025 08:01:04 PM,29107,34754,NEW LISTINGS RELATED NOTICES,59,,,createdDate,ASSETLINE FINANCE LIMITED-DEBENTURE ISSUE 2025
2025,New Listings Announcements,,TRADING AND MARKET SURVEILLANCE,,,,,,,,,,05 Dec 2025 01:54:44 PM,29058,34680,NEW LISTINGS RELATED NOTICES,59,,,createdDate,CBC FINANCE LTD - DEBT IPO 2025 - BASIS OF ALLOTMENT
2025,New Listings Announcements,,TRADING AND MARKET SURVEILLANCE,,,,,,,,,,03 Dec 2025 09:55:04 AM,29029,34645,NEW LISTINGS RELATED NOTICES,59,,,createdDate,CBC FINANCE LTD - DEBT IPO 2025 - NUMBER OF APPLICATIONS
2025,New Listings Announcements,,TRADING AND MARKET SURVEILLANCE,,,,,,,,,,02 Dec 2025 12:46:28 PM,29017,34627,NEW LISTINGS RELATED NOTICES,59,,,createdDate,"HATTON NATIONAL BANK PLC (“BANK”) – ISSUANCE OF 100,000,000 LISTED, RATED, UNSECURED, REDEEMABLE, SENIOR SUSTAINABLE BONDS"
2025,New Listings Announcements,,TRADING AND MARKET SURVEILLANCE,,,,,,,,,,01 Dec 2025 10:39:36 PM,29008,34614,NEW LISTINGS RELATED NOTICES,59,,,createdDate,"ASSETLINE FINANCE LIMITED (“COMPANY”) –LISTED, RATED, UNSECURED, SENIOR, REDEEMABLE, 5-YEAR DEBENTURES"
2025,New Listings Announcements,,TRADING AND MARKET SURVEILLANCE,,,,,,,,,,27 Nov 2025 09:02:06 PM,28958,34558,NEW LISTINGS RELATED NOTICES,59,,,createdDate,INSUREME INSURANCE BROKERS LIMITED (“COMPANY”) – LISTING VIA INTRODUCTION ON THE EMPOWER BOARD
2025,New Listings Announcements,,TRADING AND MARKET SURVEILLANCE,,,,,,,,,,27 Nov 2025 08:59:07 PM,28957,34559,NEW LISTINGS RELATED NOTICES,59,,,createdDate,CBC FINANCE LTD - DEBT IPO 2025 - LEVEL OF SUBSCRIPTION
2025,New Listings Announcements,,TRADING AND MARKET SURVEILLANCE,,,,,,,,,,27 Nov 2025 04:16:25 PM,28944,34544,NEW LISTINGS RELATED NOTICES,59,,,createdDate,"CBC FINANCE LTD - DEBT IPO 2025 - LEVEL OF SUBSCRIPTION
"
2025,New Listings Announcements,,TRADING AND MARKET SURVEILLANCE,,,,,,,,,,26 Nov 2025 10:26:19 PM,28936,34525,NEW LISTINGS RELATED NOTICES,59,,,createdDate,"LOLC FINANCE PLC (“COMPANY”) – ISSUANCE OF 150,000,000 LISTED, RATED, SENIOR, UNSECURED, REDEEMABLE FIVE-YEAR DEBENTURES 2025"
2025,New Listings Announcements,,TRADING AND MARKET SURVEILLANCE,,,,,,,,,,26 Nov 2025 04:02:17 PM,28934,34524,NEW LISTINGS RELATED NOTICES,59,,,createdDate,CBC FINANCE LTD - DEBT IPO 2025 - LEVEL OF SUBSCRIPTION
2025,New Listings Announcements,,TRADING AND MARKET SURVEILLANCE,,,,,,,,,,25 Nov 2025 05:25:05 PM,28914,34505,NEW LISTINGS RELATED NOTICES,59,,,createdDate,"DFCC BANK PLC (“BANK”) – LISTED, RATED, SENIOR, UNSECURED, REDEEMABLE 3-5-YEAR BLUE BONDS "
2025,New Listings Announcements,,TRADING AND MARKET SURVEILLANCE,,,,,,,,,,25 Nov 2025 04:59:19 PM,28910,34501,NEW LISTINGS RELATED NOTICES,59,,,createdDate,INSUREME INSURANCE BROKERS LIMITED (“COMPANY”) – LISTING VIA INTRODUCTION ON THE EMPOWER BOARD
2025,New Listings Announcements,,TRADING AND MARKET SURVEILLANCE,,,,,,,,,,25 Nov 2025 12:43:22 PM,28902,34487,NEW LISTINGS RELATED NOTICES,59,,,createdDate,CBC FINANCE LIMITED- DEBT IPO 2025 - LEVEL OF SUBSCRIPTION
2025,New Listings Announcements,,TRADING AND MARKET SURVEILLANCE,,,,,,,,,,24 Nov 2025 03:04:07 PM,28891,34477,NEW LISTINGS RELATED NOTICES,59,,,createdDate,"CBC FINANCE LTD - DEBT IPO 2025 - LEVEL OF SUBSCRIPTION
"
2025,New Listings Announcements,,TRADING AND MARKET SURVEILLANCE,,,,,,,,,,24 Nov 2025 11:06:55 AM,28887,34468,NEW LISTINGS RELATED NOTICES,59,,,createdDate,WEALTHTRUST SECURITIES LIMITED (‘COMPANY’) - INITIAL PUBLIC OFFERING OF ORDINARY VOTING SHARES VIA AN OFFER FOR SUBSCRIPTION
2025,New Listings Announcements,,TRADING AND MARKET SURVEILLANCE,,,,,,,,,,21 Nov 2025 03:45:29 PM,28878,34454,NEW LISTINGS RELATED NOTICES,59,,,createdDate,CBC FINANCE LTD - DEBT IPO 2025 - LEVEL OF SUBSCRIPTION
2025,New Listings Announcements,,TRADING AND MARKET SURVEILLANCE,,,,,,,,,,20 Nov 2025 05:21:55 PM,28868,34443,NEW LISTINGS RELATED NOTICES,59,,,createdDate,CBC FINANCE LTD - DEBT IPO 2025 - LEVEL OF SUBSCRIPTION
2025,New Listings Announcements,,TRADING AND MARKET SURVEILLANCE,,,,,,,,,,19 Nov 2025 02:12:46 PM,28846,34415,NEW LISTINGS RELATED NOTICES,59,,,createdDate,CBC FINANCE LIMITED (“COMPANY”) – AN INITIAL ISSUE OF LISTED RATED UNSECURED SUBORDINATED REDEEMABLE DEBENTURES 2025-2030 
2025,New Listings Announcements,,TRADING AND MARKET SURVEILLANCE,,,,,,,,,,18 Nov 2025 08:39:13 AM,28821,34389,NEW LISTINGS RELATED NOTICES,59,,,createdDate,"JF PACKAGING LIMITED (“COMPANY”) – INITIAL PUBLIC OFFERING OF ORDINARY VOTING SHARES
"
2025,New Listings Announcements,,TRADING AND MARKET SURVEILLANCE,,,,,,,,,,10 Nov 2025 05:29:13 PM,28744,34296,NEW LISTINGS RELATED NOTICES,59,,,createdDate,"JF Packaging Limited - Equity IPO 2025 - Basis of allotment
"
2025,New Listings Announcements,,TRADING AND MARKET SURVEILLANCE,,,,,,,,,,10 Nov 2025 03:50:33 PM,28736,34291,NEW LISTINGS RELATED NOTICES,59,,,createdDate,"CBC FINANCE LIMITED (“COMPANY”) – ISSUANCE OF 15,000,000 LISTED RATED UNSECURED SUBORDINATED REDEEMABLE DEBENTURES"
2025,New Listings Announcements,,TRADING AND MARKET SURVEILLANCE,,,,,,,,,,07 Nov 2025 07:23:11 PM,28731,34278,NEW LISTINGS RELATED NOTICES,59,,,createdDate,"DFCC BANK PLC (“BANK”) – LISTED, RATED, SENIOR, UNSECURED, REDEEMABLE BLUE BONDS"
2025,New Listings Announcements,,TRADING AND MARKET SURVEILLANCE,,,,,,,,,,06 Nov 2025 04:45:01 PM,28708,34256,NEW LISTINGS RELATED NOTICES,59,,,createdDate,JF PACKAGING LIMITED - INITIAL PUBLIC OFFER 2025-FINAL FIGURES
2025,New Listings Announcements,,TRADING AND MARKET SURVEILLANCE,,,,,,,,,,30 Oct 2025 09:21:45 AM,28627,34146,NEW LISTINGS RELATED NOTICES,59,,,createdDate,JF PACKAGING LIMITED- INITIAL PUBLIC OFFERING
2025,New Listings Announcements,,TRADING AND MARKET SURVEILLANCE,,,,,,,,,,29 Oct 2025 03:39:50 PM,28615,34133,NEW LISTINGS RELATED NOTICES,59,,,createdDate,"SARVODAYA DEVELOPMENT FINANCE PLC (“COMPANY”) – TIER 2, LISTED, RATED, UNSECURED, 
SUBORDINATED, REDEEMABLE, HIGH YIELD, SUSTAINABLE BONDS "
2025,New Listings Announcements,,TRADING AND MARKET SURVEILLANCE,,,,,,,,,,28 Oct 2025 09:10:04 AM,28588,34100,NEW LISTINGS RELATED NOTICES,59,,,createdDate,"LCB FINANCE PLC (“COMPANY”) – TIER 2, LISTED, RATED, UNSECURED, SUBORDINATED, REDEEMABLE HIGH YIELD BONDS"
2025,New Listings Announcements,,TRADING AND MARKET SURVEILLANCE,,,,,,,,,,08 Oct 2025 08:55:58 AM,28331,33783,NEW LISTINGS RELATED NOTICES,59,,,createdDate,"FIRST CAPITAL HOLDINGS PLC (“COMPANY”) – LISTED, RATED, SENIOR, UNSECURED, REDEEMABLE DEBENTURES"
2025,New Listings Announcements,,TRADING AND MARKET SURVEILLANCE,,,,,,,,,,26 Sep 2025 05:55:04 PM,28151,33577,NEW LISTINGS RELATED NOTICES,59,,,createdDate,"SARVODAYA DEVELOPMENT FINANCE PLC (“COMPANY”) – TIER 2, LISTED, RATED, UNSECURED, 
SUBORDINATED, REDEEMABLE, HIGH YIELD, SUSTAINABLE BONDS"
2025,New Listings Announcements,,TRADING AND MARKET SURVEILLANCE,,,,,,,,,,17 Sep 2025 09:12:14 AM,27987,33350,NEW LISTINGS RELATED NOTICES,59,,,createdDate,"FIRST CAPITAL HOLDINGS PLC (“COMPANY”) – LISTED, RATED, SENIOR, UNSECURED, REDEEMABLE
FIVE-YEAR DEBENTURES"
2025,New Listings Announcements,,TRADING AND MARKET SURVEILLANCE,,,,,,,,,,12 Sep 2025 02:59:55 PM,27928,33291,NEW LISTINGS RELATED NOTICES,59,,,createdDate,"LCB FINANCE PLC (“COMPANY”) – TIER 2, LISTED, RATED, UNSECURED, SUBORDINATED, REDEEMABLE HIGH YIELD BONDS"
2025,New Listings Announcements,,TRADING AND MARKET SURVEILLANCE,,,,,,,,,,04 Sep 2025 04:59:47 PM,27798,33154,NEW LISTINGS RELATED NOTICES,59,,,createdDate,"ALLIANCE FINANCE COMPANY PLC (“COMPANY”) – LISTED, RATED, UNSECURED, SENIOR, REDEEMABLE 
SOCIAL 4-5 YEAR BONDS"
2025,New Listings Announcements,,TRADING AND MARKET SURVEILLANCE,,,,,,,,,,18 Aug 2025 05:07:30 PM,27392,32663,NEW LISTINGS RELATED NOTICES,59,,,createdDate,"COMMERCIAL BANK OF CEYLON PLC (“BANK”) – BASEL III COMPLIANT, TIER 2, LISTED, RATED, UNSECURED, SUBORDINATED, REDEEMABLE, GREEN BONDS ISSUE WITH A NON-VIABILITY CONVERSION FEATURE"
2025,New Listings Announcements,,TRADING AND MARKET SURVEILLANCE,,,,,,,,,,12 Aug 2025 02:27:05 PM,27306,32553,NEW LISTINGS RELATED NOTICES,59,,,createdDate,"FURTHER ANNOUNCEMENT : ALLIANCE FINANCE COMPANY PLC (“THE COMPANY”) – LISTED, RATED, UNSECURED, SENIOR, REDEEMABLE SOCIAL 4-5 YEAR BONDS
"
2025,New Listings Announcements,,TRADING AND MARKET SURVEILLANCE,,,,,,,,,,12 Aug 2025 09:03:03 AM,27302,32548,NEW LISTINGS RELATED NOTICES,59,,,createdDate,"ALLIANCE FINANCE COMPANY PLC (“THE COMPANY”) – LISTED, RATED, UNSECURED, SENIOR, REDEEMABLE SOCIAL 4-5 YEAR BONDS"
2025,New Listings Announcements,,TRADING AND MARKET SURVEILLANCE,,,,,,,,,,28 Jul 2025 04:42:43 PM,27113,32308,NEW LISTINGS RELATED NOTICES,59,,,createdDate,"COMMERCIAL BANK OF CEYLON PLC (“THE BANK”) – BASEL III COMPLIANT, TIER 2, LISTED, RATED, UNSECURED, SUBORDINATED, REDEEMABLE, GREEN BONDS ISSUE WITH A NON-VIABILITY CONVERSION FEATURE.

"
2025,New Listings Announcements,,TRADING AND MARKET SURVEILLANCE,,,,,,,,,,28 Jul 2025 08:56:55 AM,27094,32281,NEW LISTINGS RELATED NOTICES,59,,,createdDate,SEYLAN BANK PLC (“THE BANK”) – BASEL III COMPLIANT CONVERTIBLE DEBENTURE ISSUE 2025.
2025,New Listings Announcements,,TRADING AND MARKET SURVEILLANCE,,,,,,,,,,16 Jul 2025 04:39:25 PM,26978,32129,NEW LISTINGS RELATED NOTICES,59,,,createdDate,INITIAL PUBLIC OFFERING (IPO) OF LTL HOLDINGS LIMITED(LTLH/COMPANY)
2025,New Listings Announcements,,TRADING AND MARKET SURVEILLANCE,,,,,,,,,,09 Jul 2025 10:39:44 AM,26903,32026,NEW LISTINGS RELATED NOTICES,59,,,createdDate,"RESUS ENERGY PLC (“COMPANY”) – ISSUANCE OF LISTED, RATED, UNSECURED, SENIOR, REDEEMABLE GREEN 4 & 5-YEAR BONDS"
2025,New Listings Announcements,,TRADING AND MARKET SURVEILLANCE,,,,,,,,,,03 Jul 2025 05:12:35 PM,26836,31930,NEW LISTINGS RELATED NOTICES,59,,,createdDate,"VIDULLANKA PLC (“COMPANY”) – ISSUANCE OF 5,000,000 SUKUK (SHARIAH COMPLIANT DEBT SECURITIES)"
2025,New Listings Announcements,,TRADING AND MARKET SURVEILLANCE,,,,,,,,,,03 Jul 2025 03:49:47 PM,26828,31923,NEW LISTINGS RELATED NOTICES,59,,,createdDate,"SEYLAN BANK PLC (“THE BANK”) – BASEL III COMPLIANT, TIER 2, LISTED, RATED, UNSECURED, SUBORDINATED, REDEEMABLE DEBENTURE ISSUE WITH A NON-VIABILITY"
2025,New Listings Announcements,,TRADING AND MARKET SURVEILLANCE,,,,,,,,,,02 Jul 2025 11:52:03 AM,26801,31885,NEW LISTINGS RELATED NOTICES,59,,,createdDate,"SIYAPATHA FINANCE PLC (“COMPANY”) – ISSUANCE OF 50,000,000 LISTED, RATED, SENIOR, UNSECURED, REDEEMABLE DEBENTURES - 2025"
2025,New Listings Announcements,,TRADING AND MARKET SURVEILLANCE,,,,,,,,,,17 Jun 2025 05:04:06 PM,26543,31574,NEW LISTINGS RELATED NOTICES,59,,,createdDate,"RESUS ENERGY PLC (“THE COMPANY”) – LISTED, RATED, UNSECURED, SENIOR, REDEEMABLE GREEN
4 & 5-YEAR BONDS"
2025,New Listings Announcements,,TRADING AND MARKET SURVEILLANCE,,,,,,,,,,12 Jun 2025 04:21:54 PM,26500,31514,NEW LISTINGS RELATED NOTICES,59,,,createdDate,"SIYAPATHA FINANCE PLC (“COMPANY”) – ISSUANCE OF 50,000,000 LISTED, RATED, SENIOR, UNSECURED REDEEMABLE DEBENTURES"
2025,New Listings Announcements,,TRADING AND MARKET SURVEILLANCE,,,,,,,,,,03 Jun 2025 05:01:27 PM,26299,31267,NEW LISTINGS RELATED NOTICES,59,,,createdDate,"MERCHANT BANK OF SRI LANKA & FINANCE PLC (“COMPANY”) – ISSUANCE OF 10,000,000 UNSECURED, SUBORDINATED, REDEEMABLE, LISTED, RATED DEBENTURES - 2025"
2025,New Listings Announcements,,TRADING AND MARKET SURVEILLANCE,,,,,,,,,,03 Jun 2025 04:23:49 PM,26297,31262,NEW LISTINGS RELATED NOTICES,59,,,createdDate,"VIDULLANKA PLC (“COMPANY”) – ISSUANCE OF 5,000,000 SUKUK (SHARIAH COMPLIANT DEBT SECURITIES)"
2025,New Listings Announcements,,TRADING AND MARKET SURVEILLANCE,,,,,,,,,,25 Apr 2025 08:48:42 AM,25796,30605,NEW LISTINGS RELATED NOTICES,59,,,createdDate,HAYLEYS PLC (“THE COMPANY”) - LISTED RATED UNSECURED SENIOR REDEEMABLE FIVE YEAR (2025/2030) DEBENTURES
2025,New Listings Announcements,,TRADING AND MARKET SURVEILLANCE,,,,,,,,,,21 Apr 2025 04:45:25 PM,25769,30574,NEW LISTINGS RELATED NOTICES,59,,,createdDate,Capital Alliance Holdings Limited (‘Company/CALH’) - Initial Public Offering of Ordinary Voting Shares via an Offer for Subscription
2025,New Listings Announcements,,TRADING AND MARKET SURVEILLANCE,,,,,,,,,,28 Mar 2025 07:51:22 PM,25535,30283,NEW LISTINGS RELATED NOTICES,59,,,createdDate,"Sampath Bank PLC (“Bank”) – Issuance of 100,000,000 BASEL III Compliant Convertible Debentures - 2025"
2025,New Listings Announcements,,TRADING AND MARKET SURVEILLANCE,,,,,,,,,,19 Mar 2025 03:15:53 PM,25392,30102,NEW LISTINGS RELATED NOTICES,59,,,createdDate,CAL FIVE YEAR CLOSED END FUND (“Units”) – INTRODUCTION
2025,New Listings Announcements,,TRADING AND MARKET SURVEILLANCE,,,,,,,,,,10 Mar 2025 11:43:00 AM,25297,29976,NEW LISTINGS RELATED NOTICES,59,,,createdDate,"SAMPATH BANK PLC (“BANK”) – ISSUANCE OF 100,000,000 BASEL III COMPLIANT CONVERTIBLE DEBENTURES - 2025"
2025,New Listings Announcements,,TRADING AND MARKET SURVEILLANCE,,,,,,,,,,10 Mar 2025 10:22:33 AM,25295,29975,NEW LISTINGS RELATED NOTICES,59,,,createdDate,"FINTREX FINANCE LIMITED (“THE COMPANY”) – TIER 2, LISTED, RATED, UNSECURED, SUBORDINATED, REDEEMABLE, HIGH YIELD BONDS"
2025,New Listings Announcements,,TRADING AND MARKET SURVEILLANCE,,,,,,,,,,04 Mar 2025 12:49:31 PM,25225,29886,NEW LISTINGS RELATED NOTICES,59,,,createdDate,FINTREX FINANCE LIMITED–HIGH YIELD BOND ISSUE 2025-BASIS OF ALLOTMENT
2025,New Listings Announcements,,TRADING AND MARKET SURVEILLANCE,,,,,,,,,,28 Feb 2025 09:02:12 AM,25166,29812,NEW LISTINGS RELATED NOTICES,59,,,createdDate,FINTREX FINANCE LIMITED – HIGH YIELD BOND ISSUE 2025 – NO. OF APPLICATIONS
2025,New Listings Announcements,,TRADING AND MARKET SURVEILLANCE,,,,,,,,,,25 Feb 2025 04:41:37 PM,25149,29785,NEW LISTINGS RELATED NOTICES,59,,,createdDate,"FINTREX FINANCE LIMITED – HIGH YIELD BOND ISSUE 2025 
"
2025,New Listings Announcements,,TRADING AND MARKET SURVEILLANCE,,,,,,,,,,25 Feb 2025 04:21:30 PM,25146,29781,NEW LISTINGS RELATED NOTICES,59,,,createdDate,"ALLIANCE FINANCE COMPANY PLC (“THE COMPANY”) – LISTED, RATED, GUARANTEED, SENIOR, 
REDEEMABLE GREEN 3-YEAR BONDS"
2025,New Listings Announcements,,TRADING AND MARKET SURVEILLANCE,,,,,,,,,,20 Feb 2025 09:44:13 AM,25090,29702,NEW LISTINGS RELATED NOTICES,59,,,createdDate,"FINTREX FINANCE LIMITED (“THE COMPANY”) – TIER 2, LISTED, RATED, UNSECURED, SUBORDINATED, 
REDEEMABLE, HIGH YIELD BONDS
"
2025,New Listings Announcements,,TRADING AND MARKET SURVEILLANCE,,,,,,,,,,06 Feb 2025 03:45:51 PM,24940,29500,NEW LISTINGS RELATED NOTICES,59,,,createdDate,"ALLIANCE FINANCE COMPANY PLC (“THE COMPANY”) – LISTED, RATED, GUARANTEED, SENIOR, REDEEMABLE GREEN 3-YEAR BONDS
"
2025,New Listings Announcements,,TRADING AND MARKET SURVEILLANCE,,,,,,,,,,20 Jan 2025 08:53:13 AM,24667,29144,NEW LISTINGS RELATED NOTICES,59,,,createdDate,"LTL HOLDINGS LIMITED - COLLECTION OF APPLICATION FORMS FROM APPLICANTS, AND MANAGEMENT OF APPLICATION FORMS"
2025,Buy-In Board Announcements,,TRADING AND MARKET SURVEILLANCE,,,,,,,,,,08 Dec 2025 01:57:21 PM,29076,34707,BUY-IN BOARD DISCLOSURES,60,,,createdDate,
2025,Buy-In Board Announcements,,TRADING AND MARKET SURVEILLANCE,,,,,,,,,,03 Nov 2025 02:01:20 PM,28659,34188,BUY-IN BOARD DISCLOSURES,60,,,createdDate,
2025,Buy-In Board Announcements,,TRADING AND MARKET SURVEILLANCE,,,,,,,,,,30 Sep 2025 01:55:56 PM,28201,33623,BUY-IN BOARD DISCLOSURES,60,,,createdDate,
2025,Buy-In Board Announcements,,TRADING AND MARKET SURVEILLANCE,,,,,,,,,,11 Sep 2025 02:02:09 PM,27905,33269,BUY-IN BOARD DISCLOSURES,60,,,createdDate,
2025,Buy-In Board Announcements,,TRADING AND MARKET SURVEILLANCE,,,,,,,,,,27 Aug 2025 01:57:42 PM,27544,32848,BUY-IN BOARD DISCLOSURES,60,,,createdDate,
2025,Buy-In Board Announcements,,TRADING AND MARKET SURVEILLANCE,,,,,,,,,,26 Aug 2025 01:55:18 PM,27516,32816,BUY-IN BOARD DISCLOSURES,60,,,createdDate,
2025,Buy-In Board Announcements,,TRADING AND MARKET SURVEILLANCE,,,,,,,,,,18 Aug 2025 02:10:26 PM,27386,32646,BUY-IN BOARD DISCLOSURES,60,,,createdDate,
2025,Buy-In Board Announcements,,TRADING AND MARKET SURVEILLANCE,,,,,,,,,,12 Aug 2025 01:59:06 PM,27304,32554,BUY-IN BOARD DISCLOSURES,60,,,createdDate,
2025,Buy-In Board Announcements,,TRADING AND MARKET SURVEILLANCE,,,,,,,,,,30 Jun 2025 02:05:59 PM,26713,31787,BUY-IN BOARD DISCLOSURES,60,,,createdDate,
2025,Buy-In Board Announcements,,TRADING AND MARKET SURVEILLANCE,,,,,,,,,,27 Jun 2025 02:03:09 PM,26675,31746,BUY-IN BOARD DISCLOSURES,60,,,createdDate,
2025,Buy-In Board Announcements,,TRADING AND MARKET SURVEILLANCE,,,,,,,,,,02 Jun 2025 02:04:53 PM,26257,31196,BUY-IN BOARD DISCLOSURES,60,,,createdDate,
2025,Buy-In Board Announcements,,TRADING AND MARKET SURVEILLANCE,,,,,,,,,,24 Mar 2025 01:58:48 PM,25429,30151,BUY-IN BOARD DISCLOSURES,60,,,createdDate,
2025,Buy-In Board Announcements,,TRADING AND MARKET SURVEILLANCE,,,,,,,,,,21 Mar 2025 02:05:04 PM,25415,30128,BUY-IN BOARD DISCLOSURES,60,,,createdDate,
2025,Buy-In Board Announcements,,TRADING AND MARKET SURVEILLANCE,,,,,,,,,,03 Mar 2025 02:02:32 PM,25197,29852,BUY-IN BOARD DISCLOSURES,60,,,createdDate,
2025,Buy-In Board Announcements,,TRADING AND MARKET SURVEILLANCE,,,,,,,,,,19 Feb 2025 02:06:46 PM,25079,29689,BUY-IN BOARD DISCLOSURES,60,,,createdDate,
2025,Buy-In Board Announcements,,TRADING AND MARKET SURVEILLANCE,,,,,,,,,,07 Feb 2025 02:00:38 PM,24962,29539,BUY-IN BOARD DISCLOSURES,60,,,createdDate,
2025,Buy-In Board Announcements,,TRADING AND MARKET SURVEILLANCE,,,,,,,,,,30 Jan 2025 02:02:13 PM,24826,29364,BUY-IN BOARD DISCLOSURES,60,,,createdDate,
2024,New Listings Announcements,,TRADING AND MARKET SURVEILLANCE,,,,,,,,,,31 Dec 2024 04:41:39 PM,24289,28679,NEW LISTINGS RELATED NOTICES,59,,,createdDate,"ASIA ASSET FINANCE PLC (“COMPANY”)– ISSUANCE OF 20,000,000 LISTED, RATED, UNSECURED, SENIOR, REDEEMABLE DEBENTURES - 2024"
2024,New Listings Announcements,,TRADING AND MARKET SURVEILLANCE,,,,,,,,,,17 Dec 2024 05:00:11 PM,24048,28381,NEW LISTINGS RELATED NOTICES,59,,,createdDate,"ABANS PLC (“THE COMPANY”) – LISTED, RATED, UNSECURED, SENIOR, REDEEMABLE DEBENTURES"
2024,New Listings Announcements,,TRADING AND MARKET SURVEILLANCE,,,,,,,,,,06 Dec 2024 03:55:02 PM,23913,28197,NEW LISTINGS RELATED NOTICES,59,,,createdDate,"Asia Asset Finance PLC (“Company”) – Issuance of 20,000,000 Listed, Rated, Unsecured, Senior, Redeemable Debentures - 2024"
2024,New Listings Announcements,,TRADING AND MARKET SURVEILLANCE,,,,,,,,,,05 Dec 2024 04:58:51 PM,23903,28185,NEW LISTINGS RELATED NOTICES,59,,,createdDate,"NATIONAL DEVELOPMENT BANK PLC – ISSUANCE OF 50,000,000 BASEL III COMPLIANT, LISTED, RATED, UNSECURED, SUBORDINATED, REDEEMABLE DEBENTURES WITH A NON-VIABILITY CONVERSION FEATURE - 2024"
2024,New Listings Announcements,,TRADING AND MARKET SURVEILLANCE,,,,,,,,,,05 Dec 2024 04:58:33 PM,23902,28184,NEW LISTINGS RELATED NOTICES,59,,,createdDate,"VALLIBEL FINANCE PLC – LISTED, RATED, SUBORDINATED, UNSECURED, REDEEMABLE DEBENTURES"
2024,New Listings Announcements,,TRADING AND MARKET SURVEILLANCE,,,,,,,,,,25 Nov 2024 05:55:46 PM,23725,27969,NEW LISTINGS RELATED NOTICES,59,,,createdDate,Abans PLC (“The Company”) – Listed Rated Unsecured Senior Redeemable Debenture issue
2024,New Listings Announcements,,TRADING AND MARKET SURVEILLANCE,,,,,,,,,,22 Nov 2024 11:36:03 AM,23691,27927,NEW LISTINGS RELATED NOTICES,59,,,createdDate,"NATIONAL DEVELOPMENT BANK PLC (“BANK”)– ISSUANCE OF 50,000,000 BASEL III COMPLIANT CONVERTIBLE DEBENTURES - 2024"
2024,New Listings Announcements,,TRADING AND MARKET SURVEILLANCE,,,,,,,,,,11 Nov 2024 03:20:26 PM,23557,27763,NEW LISTINGS RELATED NOTICES,59,,,createdDate,"Vallibel Finance PLC (“The Company”) – Listed, Rated, Subordinated, Unsecured, Redeemable 
Debenture Issue"
2024,New Listings Announcements,,TRADING AND MARKET SURVEILLANCE,,,,,,,,,,04 Oct 2024 12:20:31 PM,23189,27306,NEW LISTINGS RELATED NOTICES,59,,,createdDate,"LTL HOLDINGS LIMITED- COLLECTION OF APPLICATION FORMS FROM APPLICANTS, AND MANAGEMENT OF APPLICATION FORMS"
2024,New Listings Announcements,,TRADING AND MARKET SURVEILLANCE,,,,,,,,,,04 Oct 2024 08:45:56 AM,23178,27303,NEW LISTINGS RELATED NOTICES,59,,,createdDate,"LTL HOLDINGS LIMITED - NOT PROCEEDING WITH THE IPO UNTIL SUPREME COURT MAKES A RULING ON THE INTERIM RELIEF

"
2024,New Listings Announcements,,TRADING AND MARKET SURVEILLANCE,,,,,,,,,,01 Oct 2024 07:41:14 PM,23066,27168,NEW LISTINGS RELATED NOTICES,59,,,createdDate,BANK OF CEYLON (“BANK”) – BASEL III COMPLIANT DEBENTURE ISSUE WITH NON-VIABILITY WRITE DOWN FEATURES
2024,New Listings Announcements,,TRADING AND MARKET SURVEILLANCE,,,,,,,,,,01 Oct 2024 04:26:01 PM,23062,27160,NEW LISTINGS RELATED NOTICES,59,,,createdDate,DIGITAL MOBILITY SOLUTIONS LANKA LIMITED (“THE COMPANY”) – INITIAL PUBLIC OFFERING OF ORDINARY VOTING SHARES
2024,New Listings Announcements,,TRADING AND MARKET SURVEILLANCE,,,,,,,,,,01 Oct 2024 09:52:05 AM,23003,27073,NEW LISTINGS RELATED NOTICES,59,,,createdDate,"SECOND ADDENDUM DATED SEPTEMBER 30, 2024 TO THE PROSPECTUS OF LTL HOLDINGS LIMITED DATED AUGUST 29, 2024"
2024,New Listings Announcements,,TRADING AND MARKET SURVEILLANCE,,,,,,,,,,27 Sep 2024 04:58:52 PM,22851,26894,NEW LISTINGS RELATED NOTICES,59,,,createdDate,"DFCC BANK PLC – SENIOR, LISTED, RATED, UNSECURED, REDEEMABLE, GREEN 3-YEAR BONDS"
2024,New Listings Announcements,,TRADING AND MARKET SURVEILLANCE,,,,,,,,,,25 Sep 2024 05:15:11 PM,22763,26780,NEW LISTINGS RELATED NOTICES,59,,,createdDate,DIGITAL MOBILITY SOLUTIONS LANKA LIMITED - INITIAL PUBLIC OFFERING
2024,New Listings Announcements,,TRADING AND MARKET SURVEILLANCE,,,,,,,,,,23 Sep 2024 01:36:25 PM,22721,26730,NEW LISTINGS RELATED NOTICES,59,,,createdDate,"DIGITAL MOBILITY SOLUTIONS LANKA LIMITED - INITIAL PUBLIC OFFER 2024
FINAL FIGURES"
2024,New Listings Announcements,,TRADING AND MARKET SURVEILLANCE,,,,,,,,,,19 Sep 2024 10:14:27 AM,22661,26658,NEW LISTINGS RELATED NOTICES,59,,,createdDate,DIGITAL MOBILITY SOLUTIONS LANKA LIMITED - EQUITY IPO 2024 - UPDATE ON COURT PROCEEDINGS
2024,New Listings Announcements,,TRADING AND MARKET SURVEILLANCE,,,,,,,,,,13 Sep 2024 01:55:39 PM,22622,26595,NEW LISTINGS RELATED NOTICES,59,,,createdDate,INITIAL PUBLIC OFFER (IPO) OF LTL HOLDINGS LIMITED 
2024,New Listings Announcements,,TRADING AND MARKET SURVEILLANCE,,,,,,,,,,13 Sep 2024 01:00:37 PM,22616,26592,NEW LISTINGS RELATED NOTICES,59,,,createdDate,DIGITAL MOBILITY SOLUTIONS LANKA LIMITED - INITIAL PUBLIC OFFERING
2024,New Listings Announcements,,TRADING AND MARKET SURVEILLANCE,,,,,,,,,,13 Sep 2024 09:29:50 AM,22614,26589,NEW LISTINGS RELATED NOTICES,59,,,createdDate,DIGITAL MOBILITY SOLUTIONS LANKA LIMITED - ADDENDUM TO THE PROSPECTUS
2024,New Listings Announcements,,TRADING AND MARKET SURVEILLANCE,,,,,,,,,,13 Sep 2024 08:15:49 AM,22611,26586,NEW LISTINGS RELATED NOTICES,59,,,createdDate,LTL HOLDINGS LIMITED - NOT PROCEEDING WITH THE OPENING OF THE IPO ON 13TH SEPTEMBER 2024
2024,New Listings Announcements,,TRADING AND MARKET SURVEILLANCE,,,,,,,,,,09 Sep 2024 03:28:41 PM,22547,26494,NEW LISTINGS RELATED NOTICES,59,,,createdDate,"DFCC BANK PLC (“THE COMPANY”) – SENIOR, LISTED, RATED, UNSECURED, REDEEMABLE, GREEN 3-YEAR BONDS"
2024,New Listings Announcements,,TRADING AND MARKET SURVEILLANCE,,,,,,,,,,09 Sep 2024 11:33:44 AM,22538,26479,NEW LISTINGS RELATED NOTICES,59,,,createdDate,BANK OF CEYLON (“BANK”) – BASEL III COMPLIANT DEBENTURE ISSUE WITH NON-VIABILITY WRITE DOWN FEATURES
2024,New Listings Announcements,,TRADING AND MARKET SURVEILLANCE,,,,,,,,,,09 Sep 2024 09:17:45 AM,22533,26477,NEW LISTINGS RELATED NOTICES,59,,,createdDate,LTL HOLDINGS LIMITED (“THE COMPANY”) – INITIAL PUBLIC OFFER OF ORDINARY VOTING SHARES
2024,New Listings Announcements,,TRADING AND MARKET SURVEILLANCE,,,,,,,,,,09 Sep 2024 08:35:34 AM,22519,26464,NEW LISTINGS RELATED NOTICES,59,,,createdDate,"ADDENDUM TO THE PROSPECTUS OF LTL HOLDINGS LIMITED DATED AUGUST 29, 2024"
2024,New Listings Announcements,,TRADING AND MARKET SURVEILLANCE,,,,,,,,,,09 Sep 2024 06:05:45 AM,22518,26462,NEW LISTINGS RELATED NOTICES,59,,,createdDate,CHANGE OF SUBSCRIPTION DATES FOR THE INITIAL PUBLIC OFFERING OF LTL HOLDINGS LIMITED
2024,New Listings Announcements,,TRADING AND MARKET SURVEILLANCE,,,,,,,,,,05 Sep 2024 10:54:18 AM,22491,26423,NEW LISTINGS RELATED NOTICES,59,,,createdDate,DIGITAL MOBILITY SOLUTIONS LANKA LIMITED - ADDENDUM TO THE PROSPECTUS
2024,New Listings Announcements,,TRADING AND MARKET SURVEILLANCE,,,,,,,,,,04 Sep 2024 04:50:29 PM,22487,26421,NEW LISTINGS RELATED NOTICES,59,,,createdDate,HATTON NATIONAL BANK PLC – BASEL III COMPLIANT CONVERTIBLE DEBENTURE ISSUE 2024
2024,New Listings Announcements,,TRADING AND MARKET SURVEILLANCE,,,,,,,,,,02 Sep 2024 04:27:24 PM,22375,26351,NEW LISTINGS RELATED NOTICES,59,,,createdDate,"DIGITAL MOBILITY SOLUTIONS LANKA LIMITED (“THE COMPANY”) – INITIAL PUBLIC OFFER OF 
ORDINARY VOTING SHARES VIA AN OFFER FOR SALE"
2024,New Listings Announcements,,TRADING AND MARKET SURVEILLANCE,,,,,,,,,,02 Sep 2024 10:18:39 AM,22341,26293,NEW LISTINGS RELATED NOTICES,59,,,createdDate,National Development Bank PLC (“Bank”)– BASEL III Compliant Convertible Debenture Issue 2024
2024,New Listings Announcements,,TRADING AND MARKET SURVEILLANCE,,,,,,,,,,29 Aug 2024 09:48:04 AM,22254,26148,NEW LISTINGS RELATED NOTICES,59,,,createdDate,LTL HOLDINGS LIMITED (“THE COMPANY”) – INITIAL PUBLIC OFFER OF ORDINARY VOTING SHARES
2024,New Listings Announcements,,TRADING AND MARKET SURVEILLANCE,,,,,,,,,,28 Aug 2024 02:19:24 PM,22234,26123,NEW LISTINGS RELATED NOTICES,59,,,createdDate,LTL HOLDINGS LIMITED (“THE COMPANY”) – INITIAL PUBLIC OFFER OF ORDINARY VOTING SHARES
2024,New Listings Announcements,,TRADING AND MARKET SURVEILLANCE,,,,,,,,,,09 Aug 2024 05:17:00 PM,22022,25864,NEW LISTINGS RELATED NOTICES,59,,,createdDate,"HATTON NATIONAL BANK PLC (“THE BANK”) – BASEL III COMPLIANT, TIER 2, LISTED, RATED, UNSECURED, SUBORDINATED, REDEEMABLE DEBENTURE ISSUE WITH A NON-VIABILITY CONVERSION FEATURE"
2024,New Listings Announcements,,TRADING AND MARKET SURVEILLANCE,,,,,,,,,,09 Aug 2024 05:15:25 PM,22021,25866,NEW LISTINGS RELATED NOTICES,59,,,createdDate,CABLE SOLUTION LTD (“THE COMPANY”) – INITIAL PUBLIC OFFERING OF ORDINARY VOTING SHARES
2024,New Listings Announcements,,TRADING AND MARKET SURVEILLANCE,,,,,,,,,,01 Aug 2024 03:58:06 PM,21886,25692,NEW LISTINGS RELATED NOTICES,59,,,createdDate,"CABLE SOLUTIONS LIMITED - OFFER FOR SUBSCRIPTION AND OFFER FOR SALE OF EIGHTY MILLION SEVEN HUNDRED AND EIGHTY SIX THOUSAND SIX HUNDRED (80,786,600) ORDINARY VOTING SHARES AT LKR 7.50 PER SHARE"
2024,New Listings Announcements,,TRADING AND MARKET SURVEILLANCE,,,,,,,,,,01 Aug 2024 03:52:44 PM,21884,25691,NEW LISTINGS RELATED NOTICES,59,,,createdDate,"CABLE SOLUTIONS LIMITED - OFFER FOR SUBSCRIPTION AND OFFER FOR SALE OF EIGHTY MILLION SEVEN HUNDRED AND EIGHTY SIX THOUSAND SIX HUNDRED (80,786,600) ORDINARY VOTING SHARES AT LKR 7.50 PER SHARE"
2024,New Listings Announcements,,TRADING AND MARKET SURVEILLANCE,,,,,,,,,,24 Jul 2024 04:58:10 PM,21773,25547,NEW LISTINGS RELATED NOTICES,59,,,createdDate,SEYLAN BANK PLC (“THE BANK”) – BASEL III COMPLIANT CONVERTIBLE DEBENTURE ISSUE 2024
2024,New Listings Announcements,,TRADING AND MARKET SURVEILLANCE,,,,,,,,,,23 Jul 2024 04:36:31 PM,21764,25527,NEW LISTINGS RELATED NOTICES,59,,,createdDate,"MAHARAJA FOODS LIMITED – INITIAL PUBLIC OFFERING OF ORDINARY VOTING SHARES
"
2024,New Listings Announcements,,TRADING AND MARKET SURVEILLANCE,,,,,,,,,,23 Jul 2024 03:35:54 PM,21760,25522,NEW LISTINGS RELATED NOTICES,59,,,createdDate,"OFFER FOR SUBSCRIPTION AND OFFER FOR SALE OF EIGHTY MILLION SEVEN HUNDRED AND EIGHTY SIX THOUSAND SIX HUNDRED (80,786,600) ORDINARY VOTING SHARES AT LKR 7.50 PER SHARE"
2024,New Listings Announcements,,TRADING AND MARKET SURVEILLANCE,,,,,,,,,,18 Jul 2024 04:52:17 PM,21734,25488,NEW LISTINGS RELATED NOTICES,59,,,createdDate,COMMERCIAL BANK OF CEYLON PLC – BASEL III COMPLIANT CONVERTIBLE DEBENTURE ISSUE 2024
2024,New Listings Announcements,,TRADING AND MARKET SURVEILLANCE,,,,,,,,,,15 Jul 2024 08:59:53 AM,21679,25420,NEW LISTINGS RELATED NOTICES,59,,,createdDate,MAHARAJA FOODS LIMITED - IPO - BASIS OF ALLOTMENT
2024,New Listings Announcements,,TRADING AND MARKET SURVEILLANCE,,,,,,,,,,11 Jul 2024 03:43:47 PM,21655,25387,NEW LISTINGS RELATED NOTICES,59,,,createdDate,MAHARAJA FOODS LIMITED - IPO - APPLICATIONS RECEIVED
2024,New Listings Announcements,,TRADING AND MARKET SURVEILLANCE,,,,,,,,,,04 Jul 2024 01:29:53 PM,21569,25290,NEW LISTINGS RELATED NOTICES,59,,,createdDate,"OFFER FOR SUBSCRIPTION OF TWENTY-FIVE MILLION (25,000,000) ORDINARY VOTING SHARES AT LKR 5.00 PER SHARE TO RAISE A TOTAL SUM OF SRI LANKA RUPEES ONE HUNDRED TWENTY-FIVE MILLION (LKR 125,000,000.00)"
2024,New Listings Announcements,,TRADING AND MARKET SURVEILLANCE,,,,,,,,,,19 Jun 2024 03:35:07 PM,21245,24920,NEW LISTINGS RELATED NOTICES,59,,,createdDate,"MAHARAJA FOODS LIMITED (“THE COMPANY”) – INITIAL PUBLIC OFFERING OF ORDINARY VOTING 
SHARES"
2024,New Listings Announcements,,TRADING AND MARKET SURVEILLANCE,,,,,,,,,,19 Jun 2024 03:34:39 PM,21244,24921,NEW LISTINGS RELATED NOTICES,59,,,createdDate,"COMMERCIAL BANK OF CEYLON PLC (“THE BANK”) – BASEL III COMPLIANT, TIER 2, LISTED, RATED, UNSECURED, SUBORDINATED, REDEEMABLE DEBENTURE ISSUE WITH A NON-VIABILITY CONVERSION FEATURE."
2024,New Listings Announcements,,TRADING AND MARKET SURVEILLANCE,,,,,,,,,,14 Jun 2024 05:21:24 PM,21191,24859,NEW LISTINGS RELATED NOTICES,59,,,createdDate,"SIYAPATHA FINANCE PLC (“THE COMPANY”) – LISTED, RATED, SENIOR, UNSECURED, REDEEMABLE 
DEBENTURE ISSUE"
2024,New Listings Announcements,,TRADING AND MARKET SURVEILLANCE,,,,,,,,,,14 Jun 2024 01:04:02 PM,21185,24848,NEW LISTINGS RELATED NOTICES,59,,,createdDate,CABLE SOLUTIONS LIMITED – INITIAL PUBLIC OFFERING OF ORDINARY VOTING SHARES
2024,New Listings Announcements,,TRADING AND MARKET SURVEILLANCE,,,,,,,,,,31 Jan 2024 05:02:23 PM,19637,22975,NEW LISTINGS RELATED NOTICES,59,,,createdDate,CAL FIVE YEAR OPTIMUM FUND (“Units”) – INTRODUCTION
2024,New Listings Announcements,,TRADING AND MARKET SURVEILLANCE,,,,,,,,,,23 Jan 2024 10:29:03 PM,19570,22882,NEW LISTINGS RELATED NOTICES,59,,,createdDate,CAL FIVE YEAR OPTIMUM FUND (“UNITS”) – INTRODUCTION
2024,New Listings Announcements,,TRADING AND MARKET SURVEILLANCE,,,,,,,,,,05 Jan 2024 09:22:59 PM,19419,22674,NEW LISTINGS RELATED NOTICES,59,,,createdDate,CARGILLS BANK LIMITED – INITIAL PUBLIC OFFERING OF ORDINARY VOTING SHARES
2024,Buy-In Board Announcements,,TRADING AND MARKET SURVEILLANCE,,,,,,,,,,21 Aug 2024 02:01:43 PM,22142,26009,BUY-IN BOARD DISCLOSURES,60,,,createdDate,
2024,Buy-In Board Announcements,,TRADING AND MARKET SURVEILLANCE,,,,,,,,,,15 Aug 2024 01:57:07 PM,22088,25947,BUY-IN BOARD DISCLOSURES,60,,,createdDate,
2024,Buy-In Board Announcements,,TRADING AND MARKET SURVEILLANCE,,,,,,,,,,03 Jul 2024 02:01:12 PM,21549,25269,BUY-IN BOARD DISCLOSURES,60,,,createdDate,
2024,Buy-In Board Announcements,,TRADING AND MARKET SURVEILLANCE,,,,,,,,,,17 Apr 2024 01:15:47 PM,20397,23898,BUY-IN BOARD DISCLOSURES,60,,,createdDate,
2024,Buy-In Board Announcements,,TRADING AND MARKET SURVEILLANCE,,,,,,,,,,18 Mar 2024 01:15:49 PM,20060,23508,BUY-IN BOARD DISCLOSURES,60,,,createdDate,
2024,Buy-In Board Announcements,,TRADING AND MARKET SURVEILLANCE,,,,,,,,,,13 Mar 2024 01:11:08 PM,20024,23470,BUY-IN BOARD DISCLOSURES,60,,,createdDate,
2024,Buy-In Board Announcements,,TRADING AND MARKET SURVEILLANCE,,,,,,,,,,11 Jan 2024 01:21:54 PM,19494,22756,BUY-IN BOARD DISCLOSURES,60,,,createdDate,
2023,New Listings Announcements,,TRADING AND MARKET SURVEILLANCE,,,,,,,,,,22 Dec 2023 03:16:36 PM,19239,22488,NEW LISTINGS RELATED NOTICES,59,,,createdDate,CARGILLS BANK LIMITED - INITIAL PUBLIC OFFERING
2023,New Listings Announcements,,TRADING AND MARKET SURVEILLANCE,,,,,,,,,,21 Dec 2023 03:52:32 PM,19221,22451,NEW LISTINGS RELATED NOTICES,59,,,createdDate,CARGILLS BANK LIMITED - INITIAL PUBLIC OFFERING 2023 FINAL FIGURES
2023,New Listings Announcements,,TRADING AND MARKET SURVEILLANCE,,,,,,,,,,14 Dec 2023 09:05:46 AM,19166,22378,NEW LISTINGS RELATED NOTICES,59,,,createdDate,CARGILLS BANK LIMITED – INITIAL PUBLIC OFFERING
2023,New Listings Announcements,,TRADING AND MARKET SURVEILLANCE,,,,,,,,,,24 Nov 2023 05:09:50 PM,18990,22149,NEW LISTINGS RELATED NOTICES,59,,,createdDate,CARGILLS BANK LIMITED (“THE COMPANY”) – INITIAL PUBLIC OFFERING OF ORDINARY VOTING SHARES
2023,New Listings Announcements,,TRADING AND MARKET SURVEILLANCE,,,,,,,,,,29 Aug 2023 05:24:43 PM,18024,20904,NEW LISTINGS RELATED NOTICES,59,,,createdDate,"AGARAPATANA PLANTATIONS LIMITED (“THE COMPANY”) – INITIAL PUBLIC OFFERING OF 
ORDINARY VOTING SHARES"
2023,New Listings Announcements,,TRADING AND MARKET SURVEILLANCE,,,,,,,,,,18 Aug 2023 06:01:49 PM,17915,20773,NEW LISTINGS RELATED NOTICES,59,,,createdDate,"AGARAPATANA PLANTATIONS LIMITED (""COMPANY"") - BASIS OF ALLOTMENT"
2023,New Listings Announcements,,TRADING AND MARKET SURVEILLANCE,,,,,,,,,,18 Aug 2023 12:30:06 PM,17898,20752,NEW LISTINGS RELATED NOTICES,59,,,createdDate,AGARAPATANA PLATITATIONS LIMITED - INITIAL PUBLIC OFFERING 2023
2023,New Listings Announcements,,TRADING AND MARKET SURVEILLANCE,,,,,,,,,,10 Aug 2023 01:17:56 PM,17807,20639,NEW LISTINGS RELATED NOTICES,59,,,createdDate,AGARAPATANA PLANTATIONS LIMITED - INITIAL PUBLIC OFFERING
2023,New Listings Announcements,,TRADING AND MARKET SURVEILLANCE,,,,,,,,,,09 Aug 2023 04:54:39 PM,17799,20632,NEW LISTINGS RELATED NOTICES,59,,,createdDate,"UB FINANCE COMPANY LIMITED (“THE COMPANY”) – INITIAL PUBLIC OFFERING OF ORDINARY 
VOTING SHARES"
2023,New Listings Announcements,,TRADING AND MARKET SURVEILLANCE,,,,,,,,,,02 Aug 2023 03:36:51 PM,17706,20519,NEW LISTINGS RELATED NOTICES,59,,,createdDate,UB Finance Company Limited - Initial Public Offering - Basis of Allotment 
2023,New Listings Announcements,,TRADING AND MARKET SURVEILLANCE,,,,,,,,,,20 Jul 2023 09:32:35 AM,17574,20348,NEW LISTINGS RELATED NOTICES,59,,,createdDate,UB FINANCE COMPANY LIMITED – INITIAL PUBLIC OFFERING OF ORDINARY VOTING SHARES
2023,New Listings Announcements,,TRADING AND MARKET SURVEILLANCE,,,,,,,,,,18 Jul 2023 01:07:39 PM,17548,20308,NEW LISTINGS RELATED NOTICES,59,,,createdDate,"AGARAPATANA PLANTATIONS LIMITED (“THE COMPANY”) – INITIAL PUBLIC OFFERING OF ORDINARY 
VOTING SHARES"
2023,New Listings Announcements,,TRADING AND MARKET SURVEILLANCE,,,,,,,,,,11 Jul 2023 03:20:37 PM,17496,20249,NEW LISTINGS RELATED NOTICES,59,,,createdDate,"AGARAPATANA PLANTATIONS LIMITED (“THE COMPANY”) – INITIAL PUBLIC OFFERING OF ORDINARY 
VOTING SHARES"
2023,New Listings Announcements,,TRADING AND MARKET SURVEILLANCE,,,,,,,,,,06 Jul 2023 03:57:37 PM,17468,20210,NEW LISTINGS RELATED NOTICES,59,,,createdDate,"UB FINANCE COMPANY LIMITED (“THE COMPANY”) – INITIAL PUBLIC OFFERING OF ORDINARY VOTING 
SHARES"
2023,New Listings Announcements,,TRADING AND MARKET SURVEILLANCE,,,,,,,,,,15 Jun 2023 05:38:36 PM,17214,19901,NEW LISTINGS RELATED NOTICES,59,,,createdDate,"UB FINANCE COMPANY LIMITED (“THE COMPANY”) – INITIAL PUBLIC OFFERING OF ORDINARY VOTING 
SHARES"
2023,Buy-In Board Announcements,,TRADING AND MARKET SURVEILLANCE,,,,,,,,,,06 Oct 2023 01:05:15 PM,18591,21585,BUY-IN BOARD DISCLOSURES,60,,,createdDate,
2023,Buy-In Board Announcements,,TRADING AND MARKET SURVEILLANCE,,,,,,,,,,27 Sep 2023 01:11:16 PM,18478,21430,BUY-IN BOARD DISCLOSURES,60,,,createdDate,
2023,Buy-In Board Announcements,,TRADING AND MARKET SURVEILLANCE,,,,,,,,,,13 Sep 2023 01:32:53 PM,18317,21245,BUY-IN BOARD DISCLOSURES,60,,,createdDate,
2023,Buy-In Board Announcements,,TRADING AND MARKET SURVEILLANCE,,,,,,,,,,11 Sep 2023 01:40:58 PM,18289,21205,BUY-IN BOARD DISCLOSURES,60,,,createdDate,
2023,Buy-In Board Announcements,,TRADING AND MARKET SURVEILLANCE,,,,,,,,,,24 Aug 2023 01:09:38 PM,17942,20810,BUY-IN BOARD DISCLOSURES,60,,,createdDate,
2023,Buy-In Board Announcements,,TRADING AND MARKET SURVEILLANCE,,,,,,,,,,18 Aug 2023 01:16:17 PM,17903,20756,BUY-IN BOARD DISCLOSURES,60,,,createdDate,
2023,Buy-In Board Announcements,,TRADING AND MARKET SURVEILLANCE,,,,,,,,,,17 Aug 2023 01:10:04 PM,17888,20738,BUY-IN BOARD DISCLOSURES,60,,,createdDate,
2023,Buy-In Board Announcements,,TRADING AND MARKET SURVEILLANCE,,,,,,,,,,16 Aug 2023 01:10:28 PM,17882,20722,BUY-IN BOARD DISCLOSURES,60,,,createdDate,
2023,Buy-In Board Announcements,,TRADING AND MARKET SURVEILLANCE,,,,,,,,,,09 Aug 2023 01:06:43 PM,17793,20626,BUY-IN BOARD DISCLOSURES,60,,,createdDate,
2023,Buy-In Board Announcements,,TRADING AND MARKET SURVEILLANCE,,,,,,,,,,07 Aug 2023 01:06:21 PM,17769,20599,BUY-IN BOARD DISCLOSURES,60,,,createdDate,
2023,Buy-In Board Announcements,,TRADING AND MARKET SURVEILLANCE,,,,,,,,,,04 Aug 2023 01:10:50 PM,17743,20570,BUY-IN BOARD DISCLOSURES,60,,,createdDate,
2023,Buy-In Board Announcements,,TRADING AND MARKET SURVEILLANCE,,,,,,,,,,03 Aug 2023 01:12:44 PM,17723,20541,BUY-IN BOARD DISCLOSURES,60,,,createdDate,
2023,Buy-In Board Announcements,,TRADING AND MARKET SURVEILLANCE,,,,,,,,,,28 Jul 2023 01:12:24 PM,17666,20463,BUY-IN BOARD DISCLOSURES,60,,,createdDate,
2023,Buy-In Board Announcements,,TRADING AND MARKET SURVEILLANCE,,,,,,,,,,21 Jul 2023 01:17:41 PM,17594,20379,BUY-IN BOARD DISCLOSURES,60,,,createdDate,
2023,Buy-In Board Announcements,,TRADING AND MARKET SURVEILLANCE,,,,,,,,,,20 Jul 2023 01:13:20 PM,17578,20353,BUY-IN BOARD DISCLOSURES,60,,,createdDate,
2023,Buy-In Board Announcements,,TRADING AND MARKET SURVEILLANCE,,,,,,,,,,12 Jul 2023 01:07:35 PM,17500,20254,BUY-IN BOARD DISCLOSURES,60,,,createdDate,
2023,Buy-In Board Announcements,,TRADING AND MARKET SURVEILLANCE,,,,,,,,,,06 Jul 2023 01:07:43 PM,17466,20209,BUY-IN BOARD DISCLOSURES,60,,,createdDate,
2023,Buy-In Board Announcements,,TRADING AND MARKET SURVEILLANCE,,,,,,,,,,05 Jul 2023 01:12:44 PM,17451,20195,BUY-IN BOARD DISCLOSURES,60,,,createdDate,
2023,Buy-In Board Announcements,,TRADING AND MARKET SURVEILLANCE,,,,,,,,,,28 Jun 2023 01:17:58 PM,17369,20103,BUY-IN BOARD DISCLOSURES,60,,,createdDate,
2023,Buy-In Board Announcements,,TRADING AND MARKET SURVEILLANCE,,,,,,,,,,27 Jun 2023 01:08:38 PM,17342,20074,BUY-IN BOARD DISCLOSURES,60,,,createdDate,
2023,Buy-In Board Announcements,,TRADING AND MARKET SURVEILLANCE,,,,,,,,,,23 Jun 2023 01:11:03 PM,17290,20013,BUY-IN BOARD DISCLOSURES,60,,,createdDate,
2023,Buy-In Board Announcements,,TRADING AND MARKET SURVEILLANCE,,,,,,,,,,19 Jun 2023 01:06:48 PM,17253,19960,BUY-IN BOARD DISCLOSURES,60,,,createdDate,
2023,Buy-In Board Announcements,,TRADING AND MARKET SURVEILLANCE,,,,,,,,,,15 Jun 2023 01:08:41 PM,17206,19889,BUY-IN BOARD DISCLOSURES,60,,,createdDate,
2023,Buy-In Board Announcements,,TRADING AND MARKET SURVEILLANCE,,,,,,,,,,24 Apr 2023 01:09:20 PM,16648,19223,BUY-IN BOARD DISCLOSURES,60,,,createdDate,
2023,Buy-In Board Announcements,,TRADING AND MARKET SURVEILLANCE,,,,,,,,,,28 Mar 2023 12:16:07 PM,16357,18919,BUY-IN BOARD DISCLOSURES,60,,,createdDate,
2023,Buy-In Board Announcements,,TRADING AND MARKET SURVEILLANCE,,,,,,,,,,24 Mar 2023 12:11:58 PM,16332,18875,BUY-IN BOARD DISCLOSURES,60,,,createdDate,
2023,Buy-In Board Announcements,,TRADING AND MARKET SURVEILLANCE,,,,,,,,,,20 Mar 2023 12:11:39 PM,16309,18847,BUY-IN BOARD DISCLOSURES,60,,,createdDate,
2023,Buy-In Board Announcements,,TRADING AND MARKET SURVEILLANCE,,,,,,,,,,16 Mar 2023 12:16:55 PM,16286,18829,BUY-IN BOARD DISCLOSURES,60,,,createdDate,
2023,Buy-In Board Announcements,,TRADING AND MARKET SURVEILLANCE,,,,,,,,,,15 Mar 2023 12:15:56 PM,16272,18816,BUY-IN BOARD DISCLOSURES,60,,,createdDate,
2023,Buy-In Board Announcements,,TRADING AND MARKET SURVEILLANCE,,,,,,,,,,09 Mar 2023 12:16:16 PM,16217,18741,BUY-IN BOARD DISCLOSURES,60,,,createdDate,
2023,Buy-In Board Announcements,,TRADING AND MARKET SURVEILLANCE,,,,,,,,,,03 Mar 2023 12:08:54 PM,16175,18681,BUY-IN BOARD DISCLOSURES,60,,,createdDate,
2023,Buy-In Board Announcements,,TRADING AND MARKET SURVEILLANCE,,,,,,,,,,22 Feb 2023 12:42:31 PM,16094,18595,BUY-IN BOARD DISCLOSURES,60,,,createdDate,
2023,Buy-In Board Announcements,,TRADING AND MARKET SURVEILLANCE,,,,,,,,,,15 Feb 2023 12:16:36 PM,16027,18510,BUY-IN BOARD DISCLOSURES,60,,,createdDate,
2023,Buy-In Board Announcements,,TRADING AND MARKET SURVEILLANCE,,,,,,,,,,07 Feb 2023 12:10:11 PM,15979,18455,BUY-IN BOARD DISCLOSURES,60,,,createdDate,
2023,Buy-In Board Announcements,,TRADING AND MARKET SURVEILLANCE,,,,,,,,,,02 Feb 2023 12:14:14 PM,15953,18425,BUY-IN BOARD DISCLOSURES,60,,,createdDate,
2023,Buy-In Board Announcements,,TRADING AND MARKET SURVEILLANCE,,,,,,,,,,01 Feb 2023 12:10:55 PM,15942,18411,BUY-IN BOARD DISCLOSURES,60,,,createdDate,
2023,Buy-In Board Announcements,,TRADING AND MARKET SURVEILLANCE,,,,,,,,,,30 Jan 2023 12:12:42 PM,15911,18369,BUY-IN BOARD DISCLOSURES,60,,,createdDate,
2023,Buy-In Board Announcements,,TRADING AND MARKET SURVEILLANCE,,,,,,,,,,24 Jan 2023 12:09:15 PM,15845,18309,BUY-IN BOARD DISCLOSURES,60,,,createdDate,
2023,Buy-In Board Announcements,,TRADING AND MARKET SURVEILLANCE,,,,,,,,,,19 Jan 2023 12:16:41 PM,15784,18226,BUY-IN BOARD DISCLOSURES,60,,,createdDate,
2023,Buy-In Board Announcements,,TRADING AND MARKET SURVEILLANCE,,,,,,,,,,13 Jan 2023 12:11:46 PM,15744,18189,BUY-IN BOARD DISCLOSURES,60,,,createdDate,
2023,Buy-In Board Announcements,,TRADING AND MARKET SURVEILLANCE,,,,,,,,,,09 Jan 2023 12:09:16 PM,15713,18149,BUY-IN BOARD DISCLOSURES,60,,,createdDate,
2022,New Listings Announcements,,TRADING AND MARKET SURVEILLANCE,,,,,,,,,,20 Jun 2022 04:48:45 PM,13379,15436,NEW LISTINGS RELATED NOTICES,59,,,createdDate,"LUMINEX LIMITED (“THE COMPANY”) – INITIAL PUBLIC OFFERING OF ORDINARY VOTING SHARES VIA 
OFFER FOR SUBSCRIPTION"
2022,New Listings Announcements,,TRADING AND MARKET SURVEILLANCE,,,,,,,,,,15 Jun 2022 03:19:48 PM,13325,15363,NEW LISTINGS RELATED NOTICES,59,,,createdDate,Luminex Limited - Interim Financial Statements for the quarter ended 31st March 2022
2022,New Listings Announcements,,TRADING AND MARKET SURVEILLANCE,,,,,,,,,,09 Jun 2022 03:23:57 PM,13251,15281,NEW LISTINGS RELATED NOTICES,59,,,createdDate,LUMINEX LIMITED – INITIAL PUBLIC OFFERING OF ORDINARY VOTING SHARES (FINAL FIGURES)
2022,New Listings Announcements,,TRADING AND MARKET SURVEILLANCE,,,,,,,,,,09 Jun 2022 01:42:36 PM,13248,15277,NEW LISTINGS RELATED NOTICES,59,,,createdDate,LUMINEX LIMITED – INITIAL PUBLIC OFFERING OF ORDINARY VOTING SHARES (BASIS OF ALLOTMENT)
2022,New Listings Announcements,,TRADING AND MARKET SURVEILLANCE,,,,,,,,,,02 Jun 2022 11:08:18 AM,13083,15089,NEW LISTINGS RELATED NOTICES,59,,,createdDate,LUMINEX LIMITED -INITIAL PUBLIC OFFERING - ISSUE OVERSUBSCRIBED
2022,New Listings Announcements,,TRADING AND MARKET SURVEILLANCE,,,,,,,,,,01 Jun 2022 11:12:24 AM,13071,15076,NEW LISTINGS RELATED NOTICES,59,,,createdDate,"LUMINEX LIMITED - INITIAL PUBLIC OFFERING (SUMMARY OF APPLICATIONS RECEIVED)
"
2022,New Listings Announcements,,TRADING AND MARKET SURVEILLANCE,,,,,,,,,,22 Apr 2022 06:54:48 PM,12604,14555,NEW LISTINGS RELATED NOTICES,59,,,createdDate,LUMINEX LIMITED - INITIAL PUBLIC OFFERING (NOTICE TO CHANGE OF SCHEDULE DATE OF THE IPO)
2022,New Listings Announcements,,TRADING AND MARKET SURVEILLANCE,,,,,,,,,,22 Apr 2022 01:07:48 PM,12594,14537,NEW LISTINGS RELATED NOTICES,59,,,createdDate,"LUMINEX LIMITED - RELEASE OF INTERIM FINANCIAL STATEMENTS FOR THE QUARTER ENDED DECEMBER 31, 2021"
2022,New Listings Announcements,,TRADING AND MARKET SURVEILLANCE,,,,,,,,,,06 Apr 2022 10:23:06 AM,12464,14366,NEW LISTINGS RELATED NOTICES,59,,,createdDate,LUMINEX LIMITED(“THE COMPANY”)–INITIAL PUBLIC OFFERING OF ORDINARY VOTING SHARES
2022,New Listings Announcements,,TRADING AND MARKET SURVEILLANCE,,,,,,,,,,05 Apr 2022 11:32:36 AM,12448,14347,NEW LISTINGS RELATED NOTICES,59,,,createdDate,"LUMINEX LIMITED (“THE COMPANY”) – INITIAL PUBLIC OFFERING OF ORDINARY VOTING SHARES
"
2022,New Listings Announcements,,TRADING AND MARKET SURVEILLANCE,,,,,,,,,,01 Apr 2022 05:06:27 PM,12416,14319,NEW LISTINGS RELATED NOTICES,59,,,createdDate,CL SYNERGY LIMITED- EQUITY IPO 2022 - ANNOUNCEMENT ON IPO ISSUE OPENING POSTPONEMENT
2022,New Listings Announcements,,TRADING AND MARKET SURVEILLANCE,,,,,,,,,,23 Mar 2022 08:15:17 AM,12240,14136,NEW LISTINGS RELATED NOTICES,59,,,createdDate,EXTERMINATORS LIMITED – INITIAL PUBLIC OFFERING
2022,New Listings Announcements,,TRADING AND MARKET SURVEILLANCE,,,,,,,,,,21 Mar 2022 12:54:46 PM,12218,14104,NEW LISTINGS RELATED NOTICES,59,,,createdDate,"EXTERMINATORS LIMITED – INITIAL PUBLIC OFFERING OF ORDINARY VOTING SHARES
"
2022,New Listings Announcements,,TRADING AND MARKET SURVEILLANCE,,,,,,,,,,14 Mar 2022 01:34:38 PM,12163,14040,NEW LISTINGS RELATED NOTICES,59,,,createdDate,EXTERMINATORS LIMITED – INITIAL PUBLIC OFFERING OF ORDINARY VOTING SHARES
2022,New Listings Announcements,,TRADING AND MARKET SURVEILLANCE,,,,,,,,,,02 Feb 2022 04:15:31 PM,11714,13541,NEW LISTINGS RELATED NOTICES,59,,,createdDate,"HELA APPAREL HOLDINGS LIMITED – RELEASE OF INTERIM FINANCIAL STATEMENTS FOR THE 
THRID QUARTER ENDED 31 DECEMBER 2021 SUBSEQUENT TO THE IPO"
2022,New Listings Announcements,,TRADING AND MARKET SURVEILLANCE,,,,,,,,,,02 Feb 2022 04:13:50 PM,11713,13540,NEW LISTINGS RELATED NOTICES,59,,,createdDate,"HELA APPAREL HOLDINGS LIMITED (“THE COMPANY”) - INITIAL PUBLIC OFFERRING OF ORDINARY 
VOTING SHARES "
2022,New Listings Announcements,,TRADING AND MARKET SURVEILLANCE,,,,,,,,,,26 Jan 2022 12:10:27 PM,11636,13446,NEW LISTINGS RELATED NOTICES,59,,,createdDate,HELA APPAREL HOLDINGS LIMITED- INITIAL PUBLIC OFFERING (IPO)
2022,New Listings Announcements,,TRADING AND MARKET SURVEILLANCE,,,,,,,,,,12 Jan 2022 08:28:43 PM,11530,13326,NEW LISTINGS RELATED NOTICES,59,,,createdDate,HELA APPAREL HOLDINGS LIMITED - INITIAL PUBLIC OFFERING - EXTENSION OF CLOSURE TIME FOR THE ONLINE PORTAL
2022,New Listings Announcements,,TRADING AND MARKET SURVEILLANCE,,,,,,,,,,12 Jan 2022 09:14:15 AM,11510,13298,NEW LISTINGS RELATED NOTICES,59,,,createdDate,HELA APPAREL HOLDINGS LIMITED-INITIAL PUBLIC OFFERING (OVERSUBSCRIBED)
2022,New Listings Announcements,,TRADING AND MARKET SURVEILLANCE,,,,,,,,,,05 Jan 2022 02:13:18 PM,11431,13198,NEW LISTINGS RELATED NOTICES,59,,,createdDate,KAPRUKA HOLDINGS LIMITED (“THE COMPANY”) – INITIAL PUBLIC OFFERING OF ORDINARY VOTING SHARES VIA OFFER FOR SUBSCRIPTION
2022,New Listings Announcements,,TRADING AND MARKET SURVEILLANCE,,,,,,,,,,04 Jan 2022 04:01:05 PM,11419,13183,NEW LISTINGS RELATED NOTICES,59,,,createdDate,KAPRUKA HOLDINGS LIMITED – INITIAL PUBLIC OFFER (DETAILS OF PAYMENTS RECEIVED)
2022,New Listings Announcements,,TRADING AND MARKET SURVEILLANCE,,,,,,,,,,04 Jan 2022 10:18:41 AM,11411,13177,NEW LISTINGS RELATED NOTICES,59,,,createdDate,KAPRUKA HOLDINGS LIMITED - BASIS OF ALLOTMENT
2022,Buy-In Board Announcements,,TRADING AND MARKET SURVEILLANCE,,,,,,,,,,30 Dec 2022 12:09:44 PM,15622,18028,BUY-IN BOARD DISCLOSURES,60,,,createdDate,
2022,Buy-In Board Announcements,,TRADING AND MARKET SURVEILLANCE,,,,,,,,,,27 Dec 2022 12:06:42 PM,15592,17989,BUY-IN BOARD DISCLOSURES,60,,,createdDate,
2022,Buy-In Board Announcements,,TRADING AND MARKET SURVEILLANCE,,,,,,,,,,23 Dec 2022 12:09:06 PM,15568,17966,BUY-IN BOARD DISCLOSURES,60,,,createdDate,
2022,Buy-In Board Announcements,,TRADING AND MARKET SURVEILLANCE,,,,,,,,,,22 Dec 2022 12:10:18 PM,15561,17958,BUY-IN BOARD DISCLOSURES,60,,,createdDate,
2022,Buy-In Board Announcements,,TRADING AND MARKET SURVEILLANCE,,,,,,,,,,19 Dec 2022 12:05:44 PM,15535,17928,BUY-IN BOARD DISCLOSURES,60,,,createdDate,
2022,Buy-In Board Announcements,,TRADING AND MARKET SURVEILLANCE,,,,,,,,,,16 Dec 2022 12:07:34 PM,15516,17913,BUY-IN BOARD DISCLOSURES,60,,,createdDate,
2022,Buy-In Board Announcements,,TRADING AND MARKET SURVEILLANCE,,,,,,,,,,16 Dec 2022 12:06:30 PM,15515,17913,BUY-IN BOARD DISCLOSURES,60,,,createdDate,
2022,Buy-In Board Announcements,,TRADING AND MARKET SURVEILLANCE,,,,,,,,,,15 Dec 2022 12:08:30 PM,15509,17907,BUY-IN BOARD DISCLOSURES,60,,,createdDate,
2022,Buy-In Board Announcements,,TRADING AND MARKET SURVEILLANCE,,,,,,,,,,02 Dec 2022 12:19:22 PM,15408,17775,BUY-IN BOARD DISCLOSURES,60,,,createdDate,
2022,Buy-In Board Announcements,,TRADING AND MARKET SURVEILLANCE,,,,,,,,,,01 Dec 2022 12:27:14 PM,15390,17751,BUY-IN BOARD DISCLOSURES,60,,,createdDate,
2022,Buy-In Board Announcements,,TRADING AND MARKET SURVEILLANCE,,,,,,,,,,29 Nov 2022 12:10:58 PM,15367,17725,BUY-IN BOARD DISCLOSURES,60,,,createdDate,
2022,Buy-In Board Announcements,,TRADING AND MARKET SURVEILLANCE,,,,,,,,,,23 Nov 2022 12:09:43 PM,15319,17662,BUY-IN BOARD DISCLOSURES,60,,,createdDate,
2022,Buy-In Board Announcements,,TRADING AND MARKET SURVEILLANCE,,,,,,,,,,16 Nov 2022 12:05:09 PM,15253,17593,BUY-IN BOARD DISCLOSURES,60,,,createdDate,
2022,Buy-In Board Announcements,,TRADING AND MARKET SURVEILLANCE,,,,,,,,,,15 Nov 2022 12:07:27 PM,15245,17584,BUY-IN BOARD DISCLOSURES,60,,,createdDate,
2022,Buy-In Board Announcements,,TRADING AND MARKET SURVEILLANCE,,,,,,,,,,14 Nov 2022 12:11:57 PM,15228,17566,BUY-IN BOARD DISCLOSURES,60,,,createdDate,
2022,Buy-In Board Announcements,,TRADING AND MARKET SURVEILLANCE,,,,,,,,,,11 Nov 2022 12:16:24 PM,15210,17552,BUY-IN BOARD DISCLOSURES,60,,,createdDate,
2022,Buy-In Board Announcements,,TRADING AND MARKET SURVEILLANCE,,,,,,,,,,31 Oct 2022 11:35:59 AM,15108,17448,BUY-IN BOARD DISCLOSURES,60,,,createdDate,
2022,Buy-In Board Announcements,,TRADING AND MARKET SURVEILLANCE,,,,,,,,,,28 Oct 2022 11:33:10 AM,15078,17425,BUY-IN BOARD DISCLOSURES,60,,,createdDate,
2022,Buy-In Board Announcements,,TRADING AND MARKET SURVEILLANCE,,,,,,,,,,19 Oct 2022 11:38:14 AM,15005,17347,BUY-IN BOARD DISCLOSURES,60,,,createdDate,
2022,Buy-In Board Announcements,,TRADING AND MARKET SURVEILLANCE,,,,,,,,,,13 Oct 2022 11:38:21 AM,14969,17298,BUY-IN BOARD DISCLOSURES,60,,,createdDate,
2022,Buy-In Board Announcements,,TRADING AND MARKET SURVEILLANCE,,,,,,,,,,11 Oct 2022 11:36:50 AM,14952,17272,BUY-IN BOARD DISCLOSURES,60,,,createdDate,
2022,Buy-In Board Announcements,,TRADING AND MARKET SURVEILLANCE,,,,,,,,,,06 Oct 2022 11:34:22 AM,14922,17239,BUY-IN BOARD DISCLOSURES,60,,,createdDate,
2022,Buy-In Board Announcements,,TRADING AND MARKET SURVEILLANCE,,,,,,,,,,06 Oct 2022 11:34:21 AM,14921,17239,BUY-IN BOARD DISCLOSURES,60,,,createdDate,
2022,Buy-In Board Announcements,,TRADING AND MARKET SURVEILLANCE,,,,,,,,,,05 Oct 2022 11:36:30 AM,14901,17221,BUY-IN BOARD DISCLOSURES,60,,,createdDate,
2022,Buy-In Board Announcements,,TRADING AND MARKET SURVEILLANCE,,,,,,,,,,03 Oct 2022 11:40:22 AM,14856,17172,BUY-IN BOARD DISCLOSURES,60,,,createdDate,
2022,Buy-In Board Announcements,,TRADING AND MARKET SURVEILLANCE,,,,,,,,,,26 Sep 2022 11:37:47 AM,14710,17009,BUY-IN BOARD DISCLOSURES,60,,,createdDate,
2022,Buy-In Board Announcements,,TRADING AND MARKET SURVEILLANCE,,,,,,,,,,21 Sep 2022 11:35:46 AM,14653,16932,BUY-IN BOARD DISCLOSURES,60,,,createdDate,
2022,Buy-In Board Announcements,,TRADING AND MARKET SURVEILLANCE,,,,,,,,,,14 Sep 2022 11:35:59 AM,14588,16847,BUY-IN BOARD DISCLOSURES,60,,,createdDate,
2022,Buy-In Board Announcements,,TRADING AND MARKET SURVEILLANCE,,,,,,,,,,09 Sep 2022 11:34:46 AM,14528,16772,BUY-IN BOARD DISCLOSURES,60,,,createdDate,
2022,Buy-In Board Announcements,,TRADING AND MARKET SURVEILLANCE,,,,,,,,,,07 Sep 2022 11:38:02 AM,14479,16708,BUY-IN BOARD DISCLOSURES,60,,,createdDate,
2022,Buy-In Board Announcements,,TRADING AND MARKET SURVEILLANCE,,,,,,,,,,24 Aug 2022 11:36:08 AM,14168,16353,BUY-IN BOARD DISCLOSURES,60,,,createdDate,
2022,Buy-In Board Announcements,,TRADING AND MARKET SURVEILLANCE,,,,,,,,,,19 Aug 2022 11:45:07 AM,14133,16299,BUY-IN BOARD DISCLOSURES,60,,,createdDate,
2022,Buy-In Board Announcements,,TRADING AND MARKET SURVEILLANCE,,,,,,,,,,17 Aug 2022 11:39:42 AM,14100,16258,BUY-IN BOARD DISCLOSURES,60,,,createdDate,
2022,Buy-In Board Announcements,,TRADING AND MARKET SURVEILLANCE,,,,,,,,,,16 Aug 2022 12:00:09 PM,14085,16243,BUY-IN BOARD DISCLOSURES,60,,,createdDate,
2022,Buy-In Board Announcements,,TRADING AND MARKET SURVEILLANCE,,,,,,,,,,15 Aug 2022 11:44:42 AM,14078,16236,BUY-IN BOARD DISCLOSURES,60,,,createdDate,
2022,Buy-In Board Announcements,,TRADING AND MARKET SURVEILLANCE,,,,,,,,,,12 Aug 2022 11:44:14 AM,14049,16207,BUY-IN BOARD DISCLOSURES,60,,,createdDate,
2022,Buy-In Board Announcements,,TRADING AND MARKET SURVEILLANCE,,,,,,,,,,09 Aug 2022 11:56:51 AM,14024,16163,BUY-IN BOARD DISCLOSURES,60,,,createdDate,
2022,Buy-In Board Announcements,,TRADING AND MARKET SURVEILLANCE,,,,,,,,,,04 Aug 2022 11:36:54 AM,13995,16120,BUY-IN BOARD DISCLOSURES,60,,,createdDate,
2022,Buy-In Board Announcements,,TRADING AND MARKET SURVEILLANCE,,,,,,,,,,03 Aug 2022 12:06:49 PM,13981,16106,BUY-IN BOARD DISCLOSURES,60,,,createdDate,
2022,Buy-In Board Announcements,,TRADING AND MARKET SURVEILLANCE,,,,,,,,,,02 Aug 2022 11:36:26 AM,13974,16097,BUY-IN BOARD DISCLOSURES,60,,,createdDate,
2022,Buy-In Board Announcements,,TRADING AND MARKET SURVEILLANCE,,,,,,,,,,28 Jul 2022 11:35:37 AM,13904,16009,BUY-IN BOARD DISCLOSURES,60,,,createdDate,
2022,Buy-In Board Announcements,,TRADING AND MARKET SURVEILLANCE,,,,,,,,,,27 Jul 2022 11:06:12 AM,13888,15990,BUY-IN BOARD DISCLOSURES,60,,,createdDate,
2022,Buy-In Board Announcements,,TRADING AND MARKET SURVEILLANCE,,,,,,,,,,26 Jul 2022 11:40:42 AM,13880,15979,BUY-IN BOARD DISCLOSURES,60,,,createdDate,
2022,Buy-In Board Announcements,,TRADING AND MARKET SURVEILLANCE,,,,,,,,,,22 Jul 2022 11:37:53 AM,13845,15944,BUY-IN BOARD DISCLOSURES,60,,,createdDate,
2022,Buy-In Board Announcements,,TRADING AND MARKET SURVEILLANCE,,,,,,,,,,21 Jul 2022 11:54:44 AM,13838,15935,BUY-IN BOARD DISCLOSURES,60,,,createdDate,
2022,Buy-In Board Announcements,,TRADING AND MARKET SURVEILLANCE,,,,,,,,,,20 Jul 2022 11:36:47 AM,13824,15922,BUY-IN BOARD DISCLOSURES,60,,,createdDate,
2022,Buy-In Board Announcements,,TRADING AND MARKET SURVEILLANCE,,,,,,,,,,12 Jul 2022 11:36:29 AM,13749,15847,BUY-IN BOARD DISCLOSURES,60,,,createdDate,
2022,Buy-In Board Announcements,,TRADING AND MARKET SURVEILLANCE,,,,,,,,,,21 Jun 2022 11:44:39 AM,13381,15440,BUY-IN BOARD DISCLOSURES,60,,,createdDate,
2022,Buy-In Board Announcements,,TRADING AND MARKET SURVEILLANCE,,,,,,,,,,20 Jun 2022 11:35:07 AM,13372,15430,BUY-IN BOARD DISCLOSURES,60,,,createdDate,
2022,Buy-In Board Announcements,,TRADING AND MARKET SURVEILLANCE,,,,,,,,,,07 Jun 2022 11:35:43 AM,13187,15208,BUY-IN BOARD DISCLOSURES,60,,,createdDate,
2022,Buy-In Board Announcements,,TRADING AND MARKET SURVEILLANCE,,,,,,,,,,03 Jun 2022 11:38:41 AM,13116,15125,BUY-IN BOARD DISCLOSURES,60,,,createdDate,
2022,Buy-In Board Announcements,,TRADING AND MARKET SURVEILLANCE,,,,,,,,,,28 Apr 2022 11:08:26 AM,12649,14615,BUY-IN BOARD DISCLOSURES,60,,,createdDate,
2022,Buy-In Board Announcements,,TRADING AND MARKET SURVEILLANCE,,,,,,,,,,27 Apr 2022 11:11:56 AM,12636,14598,BUY-IN BOARD DISCLOSURES,60,,,createdDate,
2022,Buy-In Board Announcements,,TRADING AND MARKET SURVEILLANCE,,,,,,,,,,08 Apr 2022 11:40:57 AM,12488,14398,BUY-IN BOARD DISCLOSURES,60,,,createdDate,
2022,Buy-In Board Announcements,,TRADING AND MARKET SURVEILLANCE,,,,,,,,,,05 Apr 2022 11:39:03 AM,12449,14348,BUY-IN BOARD DISCLOSURES,60,,,createdDate,
2022,Buy-In Board Announcements,,TRADING AND MARKET SURVEILLANCE,,,,,,,,,,01 Apr 2022 11:16:40 AM,12394,14296,BUY-IN BOARD DISCLOSURES,60,,,createdDate,
2022,Buy-In Board Announcements,,TRADING AND MARKET SURVEILLANCE,,,,,,,,,,28 Mar 2022 01:08:07 PM,12310,14199,BUY-IN BOARD DISCLOSURES,60,,,createdDate,
2022,Buy-In Board Announcements,,TRADING AND MARKET SURVEILLANCE,,,,,,,,,,22 Mar 2022 01:06:56 PM,12234,14128,BUY-IN BOARD DISCLOSURES,60,,,createdDate,
2022,Buy-In Board Announcements,,TRADING AND MARKET SURVEILLANCE,,,,,,,,,,21 Mar 2022 01:10:37 PM,12219,14105,BUY-IN BOARD DISCLOSURES,60,,,createdDate,
2022,Buy-In Board Announcements,,TRADING AND MARKET SURVEILLANCE,,,,,,,,,,14 Mar 2022 01:06:41 PM,12162,14039,BUY-IN BOARD DISCLOSURES,60,,,createdDate,
2022,Buy-In Board Announcements,,TRADING AND MARKET SURVEILLANCE,,,,,,,,,,11 Mar 2022 01:09:27 PM,12140,14027,BUY-IN BOARD DISCLOSURES,60,,,createdDate,
2022,Buy-In Board Announcements,,TRADING AND MARKET SURVEILLANCE,,,,,,,,,,10 Mar 2022 01:12:46 PM,12128,14013,BUY-IN BOARD DISCLOSURES,60,,,createdDate,
2022,Buy-In Board Announcements,,TRADING AND MARKET SURVEILLANCE,,,,,,,,,,07 Mar 2022 01:09:58 PM,12086,13966,BUY-IN BOARD DISCLOSURES,60,,,createdDate,
2022,Buy-In Board Announcements,,TRADING AND MARKET SURVEILLANCE,,,,,,,,,,02 Mar 2022 01:08:16 PM,12022,13897,BUY-IN BOARD DISCLOSURES,60,,,createdDate,
2022,Buy-In Board Announcements,,TRADING AND MARKET SURVEILLANCE,,,,,,,,,,28 Feb 2022 01:07:27 PM,11991,13861,BUY-IN BOARD DISCLOSURES,60,,,createdDate,
2022,Buy-In Board Announcements,,TRADING AND MARKET SURVEILLANCE,,,,,,,,,,25 Feb 2022 01:11:50 PM,11957,13828,BUY-IN BOARD DISCLOSURES,60,,,createdDate,
2022,Buy-In Board Announcements,,TRADING AND MARKET SURVEILLANCE,,,,,,,,,,24 Feb 2022 01:13:40 PM,11937,13807,BUY-IN BOARD DISCLOSURES,60,,,createdDate,
2022,Buy-In Board Announcements,,TRADING AND MARKET SURVEILLANCE,,,,,,,,,,21 Feb 2022 01:06:53 PM,11897,13757,BUY-IN BOARD DISCLOSURES,60,,,createdDate,
2022,Buy-In Board Announcements,,TRADING AND MARKET SURVEILLANCE,,,,,,,,,,10 Feb 2022 01:10:48 PM,11775,13616,BUY-IN BOARD DISCLOSURES,60,,,createdDate,
2022,Buy-In Board Announcements,,TRADING AND MARKET SURVEILLANCE,,,,,,,,,,03 Feb 2022 01:04:34 PM,11718,13544,BUY-IN BOARD DISCLOSURES,60,,,createdDate,
2022,Buy-In Board Announcements,,TRADING AND MARKET SURVEILLANCE,,,,,,,,,,02 Feb 2022 01:16:09 PM,11711,13537,BUY-IN BOARD DISCLOSURES,60,,,createdDate,
2022,Buy-In Board Announcements,,TRADING AND MARKET SURVEILLANCE,,,,,,,,,,01 Feb 2022 01:06:09 PM,11698,13524,BUY-IN BOARD DISCLOSURES,60,,,createdDate,
2022,Buy-In Board Announcements,,TRADING AND MARKET SURVEILLANCE,,,,,,,,,,31 Jan 2022 01:09:17 PM,11685,13505,BUY-IN BOARD DISCLOSURES,60,,,createdDate,
2022,Buy-In Board Announcements,,TRADING AND MARKET SURVEILLANCE,,,,,,,,,,20 Jan 2022 01:05:57 PM,11582,13379,BUY-IN BOARD DISCLOSURES,60,,,createdDate,
2022,Buy-In Board Announcements,,TRADING AND MARKET SURVEILLANCE,,,,,,,,,,11 Jan 2022 01:07:13 PM,11501,13290,BUY-IN BOARD DISCLOSURES,60,,,createdDate,
2022,Buy-In Board Announcements,,TRADING AND MARKET SURVEILLANCE,,,,,,,,,,10 Jan 2022 01:05:02 PM,11490,13271,BUY-IN BOARD DISCLOSURES,60,,,createdDate,
2022,Buy-In Board Announcements,,TRADING AND MARKET SURVEILLANCE,,,,,,,,,,07 Jan 2022 01:08:14 PM,11467,13252,BUY-IN BOARD DISCLOSURES,60,,,createdDate,
2022,Buy-In Board Announcements,,TRADING AND MARKET SURVEILLANCE,,,,,,,,,,06 Jan 2022 01:06:04 PM,11447,13228,BUY-IN BOARD DISCLOSURES,60,,,createdDate,
2022,Buy-In Board Announcements,,TRADING AND MARKET SURVEILLANCE,,,,,,,,,,04 Jan 2022 01:09:07 PM,11417,13182,BUY-IN BOARD DISCLOSURES,60,,,createdDate,
2022,Buy-In Board Announcements,,TRADING AND MARKET SURVEILLANCE,,,,,,,,,,03 Jan 2022 01:10:04 PM,11394,13157,BUY-IN BOARD DISCLOSURES,60,,,createdDate,
2021,New Listings Announcements,,TRADING AND MARKET SURVEILLANCE,,,,,,,,,,31 Dec 2021 08:34:20 PM,11375,13132,NEW LISTINGS RELATED NOTICES,59,,,createdDate,ERRATA TO THE HELA APPAREL HOLDINGS LIMITED PROSPECTUS DATED 28 DECEMBER 2021
2021,New Listings Announcements,,TRADING AND MARKET SURVEILLANCE,,,,,,,,,,30 Dec 2021 02:22:08 PM,11327,13080,NEW LISTINGS RELATED NOTICES,59,,,createdDate,LOLC GENERAL INSURANCE LIMITED-INTERIM FINANCIAL STATEMENTS AS AT 30TH SEPTEMBER 2021
2021,New Listings Announcements,,TRADING AND MARKET SURVEILLANCE,,,,,,,,,,30 Dec 2021 01:21:55 PM,11326,13079,NEW LISTINGS RELATED NOTICES,59,,,createdDate,LOLC GENERAL INSURANCE LIMITED-INITIAL PUBLIC OFFERING OF ORDINARY VOTING SHARES VIA OFFER FOR SALE
2021,New Listings Announcements,,TRADING AND MARKET SURVEILLANCE,,,,,,,,,,29 Dec 2021 05:14:40 PM,11321,13072,NEW LISTINGS RELATED NOTICES,59,,,createdDate,CO-OPERATIVE INSURANCE COMPANY LIMITED (THE COMPANY) - INITIAL PUBLIC OFFERRING OF ORDINARY VOTING SHARES
2021,New Listings Announcements,,TRADING AND MARKET SURVEILLANCE,,,,,,,,,,29 Dec 2021 05:13:59 PM,11320,13071,NEW LISTINGS RELATED NOTICES,59,,,createdDate,CO-OPERATIVE INSURANCE COMPANY LIMITED - INITIAL PUBLIC OFFERING (SUMMARY OF APPLICATIONS)
2021,New Listings Announcements,,TRADING AND MARKET SURVEILLANCE,,,,,,,,,,29 Dec 2021 04:36:26 PM,11317,13070,NEW LISTINGS RELATED NOTICES,59,,,createdDate,LOLC GENERAL INSURANCE LTD INITIAL PUBLIC OFFER
2021,New Listings Announcements,,TRADING AND MARKET SURVEILLANCE,,,,,,,,,,29 Dec 2021 10:42:29 AM,11309,13057,NEW LISTINGS RELATED NOTICES,59,,,createdDate,CO-OPERATIVE INSURANCE COMPANY LTD IPO - BASIS OF ALLLOTMENT
2021,New Listings Announcements,,TRADING AND MARKET SURVEILLANCE,,,,,,,,,,28 Dec 2021 04:46:48 PM,11306,13054,NEW LISTINGS RELATED NOTICES,59,,,createdDate,LOLC GENERAL INSURANCE LIMITED IPO
2021,New Listings Announcements,,TRADING AND MARKET SURVEILLANCE,,,,,,,,,,28 Dec 2021 04:11:10 PM,11303,13052,NEW LISTINGS RELATED NOTICES,59,,,createdDate,LOLC General Insurance IPO - Basis of Allocation
2021,New Listings Announcements,,TRADING AND MARKET SURVEILLANCE,,,,,,,,,,27 Dec 2021 05:13:55 PM,11281,13034,NEW LISTINGS RELATED NOTICES,59,,,createdDate,VOLUNTARY SUBMISSION OF INTERIM FINANCIAL STATEMENTS OF CO-OPERATIVE INSURANCE COMPANY LIMITED
2021,New Listings Announcements,,TRADING AND MARKET SURVEILLANCE,,,,,,,,,,23 Dec 2021 05:02:34 PM,11240,12976,NEW LISTINGS RELATED NOTICES,59,,,createdDate,MYLAND DEVELOPMENTS LIMITED - INITIAL PUBLIC OFFERING OF ORDINARY VOTING SHARES VIA OFFER FOR SUBSCRIPTION
2021,New Listings Announcements,,TRADING AND MARKET SURVEILLANCE,,,,,,,,,,22 Dec 2021 09:07:31 AM,11218,12953,NEW LISTINGS RELATED NOTICES,59,,,createdDate,Kapruka Holdings Limited - lnitial Public Offering
2021,New Listings Announcements,,TRADING AND MARKET SURVEILLANCE,,,,,,,,,,20 Dec 2021 04:41:16 PM,11191,12923,NEW LISTINGS RELATED NOTICES,59,,,createdDate,"FIRST CAPITAL TREASURIES PLC (“THE COMPANY”) – INITIAL PUBLIC OFFERING OF ORDINARY VOTING 
SHARES VIA OFFER FOR SALE"
2021,New Listings Announcements,,TRADING AND MARKET SURVEILLANCE,,,,,,,,,,20 Dec 2021 02:43:33 PM,11179,12908,NEW LISTINGS RELATED NOTICES,59,,,createdDate,HELA APPAREL HOLDINGS LIMITED (THE COMPANY) – INITIAL PUBLIC OFFERING OF ORDINARY VOTING SHARES
2021,New Listings Announcements,,TRADING AND MARKET SURVEILLANCE,,,,,,,,,,20 Dec 2021 01:53:02 PM,11172,12902,NEW LISTINGS RELATED NOTICES,59,,,createdDate,CO-OPERATIVE INSURANCE COMPANY LIMITED-INITIAL PUBLIC OFFERING OF ORDINARY VOTING SHARES (OVERSUBSCRIBED)
2021,New Listings Announcements,,TRADING AND MARKET SURVEILLANCE,,,,,,,,,,17 Dec 2021 07:32:54 PM,11155,12873,NEW LISTINGS RELATED NOTICES,59,,,createdDate,MYLAND DEVELOPMENTS LIMITED – INITIAL PUBLIC OFFERING OF ORDINARY VOTING SHARES RE: BASIS OF ALLOTMENT
2021,New Listings Announcements,,TRADING AND MARKET SURVEILLANCE,,,,,,,,,,17 Dec 2021 01:50:12 PM,11147,12864,NEW LISTINGS RELATED NOTICES,59,,,createdDate,hSENID BUSINESS SOLUTIONS LIMITED
2021,New Listings Announcements,,TRADING AND MARKET SURVEILLANCE,,,,,,,,,,17 Dec 2021 01:50:01 PM,11146,12863,NEW LISTINGS RELATED NOTICES,59,,,createdDate,Myland Development Limited - IPO (Summary of applications)
2021,New Listings Announcements,,TRADING AND MARKET SURVEILLANCE,,,,,,,,,,16 Dec 2021 10:17:50 AM,11125,12839,NEW LISTINGS RELATED NOTICES,59,,,createdDate,LOLC General Insurance Limited IPO - Oversubscribed
2021,New Listings Announcements,,TRADING AND MARKET SURVEILLANCE,,,,,,,,,,16 Dec 2021 09:20:41 AM,11124,12838,NEW LISTINGS RELATED NOTICES,59,,,createdDate,FIRST CAPITAL TREASURIES PLC IPO - BASIS OF ALLOTMENT
2021,New Listings Announcements,,TRADING AND MARKET SURVEILLANCE,,,,,,,,,,15 Dec 2021 06:57:18 PM,11122,12837,NEW LISTINGS RELATED NOTICES,59,,,createdDate,"FIRST CAPITAL TREASURIES PLC - INITIAL PUBLIC OFFERING OF ORDINARY
VOTING SHARES"
2021,New Listings Announcements,,TRADING AND MARKET SURVEILLANCE,,,,,,,,,,15 Dec 2021 11:58:42 AM,11103,12813,NEW LISTINGS RELATED NOTICES,59,,,createdDate,hSENID Business Solutions Limited IPO 2021- Announcement on over subscription
2021,New Listings Announcements,,TRADING AND MARKET SURVEILLANCE,,,,,,,,,,14 Dec 2021 05:01:53 PM,11091,12799,NEW LISTINGS RELATED NOTICES,59,,,createdDate,hSenid Business Solutions Limited - Equity IPO 2021 -Number of applications
2021,New Listings Announcements,,TRADING AND MARKET SURVEILLANCE,,,,,,,,,,13 Dec 2021 06:14:26 PM,11074,12783,NEW LISTINGS RELATED NOTICES,59,,,createdDate,"CAPITAL ALLIANCE LIMITED (“THE COMPANY”) – INITIAL PUBLIC OFFERING OF ORDINARY VOTING
SHARES VIA OFFER FOR SUBSCRIPTION "
2021,New Listings Announcements,,TRADING AND MARKET SURVEILLANCE,,,,,,,,,,13 Dec 2021 02:05:45 PM,11070,12775,NEW LISTINGS RELATED NOTICES,59,,,createdDate,KAPRUKA HOLDINGS LIMITED (“THE COMPANY”) – INITIAL PUBLIC OFFERING OF ORDINARY VOTING SHARES
2021,New Listings Announcements,,TRADING AND MARKET SURVEILLANCE,,,,,,,,,,13 Dec 2021 02:05:28 PM,11069,12774,NEW LISTINGS RELATED NOTICES,59,,,createdDate,CO-OPERATIVE INSURANCE COMPANY LIMITED (“THE COMPANY”)-INITIAL PUBLIC OFFERING
2021,New Listings Announcements,,TRADING AND MARKET SURVEILLANCE,,,,,,,,,,10 Dec 2021 12:06:59 PM,11040,12750,NEW LISTINGS RELATED NOTICES,59,,,createdDate,SARVODAYA DEVELOPMENT FINANCE LIMITED (“THE COMPANY”) – INITIAL PUBLIC OFFERING OF ORDINARY VOTING SHARES VIA OFFER FOR SUBSCRIPTION
2021,New Listings Announcements,,TRADING AND MARKET SURVEILLANCE,,,,,,,,,,08 Dec 2021 10:16:00 AM,11019,12726,NEW LISTINGS RELATED NOTICES,59,,,createdDate,MYLAND DEVELOPMENTS LIMITED – INITIAL PUBLIC OFFERING OF ORDINARY VOTING SHARES (OVERSUBSCRIBED)
2021,New Listings Announcements,,TRADING AND MARKET SURVEILLANCE,,,,,,,,,,07 Dec 2021 09:46:54 AM,11000,12711,NEW LISTINGS RELATED NOTICES,59,,,createdDate,CAPITAL ALLIANCE LIMITED IPO - FINAL FIGURES IN RESPECT OF THE APPLICATIONS PROCESSED
2021,New Listings Announcements,,TRADING AND MARKET SURVEILLANCE,,,,,,,,,,06 Dec 2021 09:54:10 PM,10998,12709,NEW LISTINGS RELATED NOTICES,59,,,createdDate,CAPITAL ALLIANCE LIMITED IPO - BASIS OF ALLOTMENT
2021,New Listings Announcements,,TRADING AND MARKET SURVEILLANCE,,,,,,,,,,06 Dec 2021 10:18:34 AM,10990,12694,NEW LISTINGS RELATED NOTICES,59,,,createdDate,"FIRST CAPITAL TREASURIES PLC - INITIAL PUBLIC OFFERING OF ORDINARY VOTING SHARES
"
2021,New Listings Announcements,,TRADING AND MARKET SURVEILLANCE,,,,,,,,,,03 Dec 2021 09:03:11 AM,10955,12679,NEW LISTINGS RELATED NOTICES,59,,,createdDate,"
hSENID BUSINESS SOLUTION LIMITED- OVERSUBSCRIBED"
2021,New Listings Announcements,,TRADING AND MARKET SURVEILLANCE,,,,,,,,,,02 Dec 2021 01:54:04 PM,10947,12667,NEW LISTINGS RELATED NOTICES,59,,,createdDate,SARVODAYA DEVELOPMENT FINANCE LIMITED - IPO
2021,New Listings Announcements,,TRADING AND MARKET SURVEILLANCE,,,,,,,,,,01 Dec 2021 05:43:59 PM,10934,12651,NEW LISTINGS RELATED NOTICES,59,,,createdDate,"LOLC GENERAL INSURANCE LIMITED - INITIAL PUBLIC OFFER OF ORDINARY VOTING SHARES
"
2021,New Listings Announcements,,TRADING AND MARKET SURVEILLANCE,,,,,,,,,,30 Nov 2021 07:26:58 PM,10916,12631,NEW LISTINGS RELATED NOTICES,59,,,createdDate,SARVODAYA DEVELOPMENT FINANCE LIMITED - IPO
2021,New Listings Announcements,,TRADING AND MARKET SURVEILLANCE,,,,,,,,,,30 Nov 2021 01:51:22 PM,10904,12619,NEW LISTINGS RELATED NOTICES,59,,,createdDate,"hSENID BUSINESS SOLUTION LIMITED-RELEASE OF INTERIM FINANCIAL STATEMENTS FOR THE PERIOD ENDED OCTOBER 31, 2021"
2021,New Listings Announcements,,TRADING AND MARKET SURVEILLANCE,,,,,,,,,,25 Nov 2021 06:27:04 PM,10856,12554,NEW LISTINGS RELATED NOTICES,59,,,createdDate,"FIRST CAPITAL TREASURIES PLC (“THE COMPANY”) – INITIAL PUBLIC OFFERING OF ORDINARY VOTING SHARES
"
2021,New Listings Announcements,,TRADING AND MARKET SURVEILLANCE,,,,,,,,,,25 Nov 2021 10:19:38 AM,10843,12537,NEW LISTINGS RELATED NOTICES,59,,,createdDate,CAPITAL ALLIANCE LIMITED-INITIAL PUBLIC OFFERING (OVERSUBSCRIBED)
2021,New Listings Announcements,,TRADING AND MARKET SURVEILLANCE,,,,,,,,,,24 Nov 2021 05:50:57 PM,10841,12534,NEW LISTINGS RELATED NOTICES,59,,,createdDate,MYLAND DEVELOPMENTS LIMITED - INITIAL PUBLIC OFFERING OF ORDINARY VOTING SHARES
2021,New Listings Announcements,,TRADING AND MARKET SURVEILLANCE,,,,,,,,,,23 Nov 2021 02:05:19 PM,10829,12520,NEW LISTINGS RELATED NOTICES,59,,,createdDate,"Sarvodaya Development Finance Ltd - IPO 2021 Oversubscribed
"
2021,New Listings Announcements,,TRADING AND MARKET SURVEILLANCE,,,,,,,,,,19 Nov 2021 09:37:30 PM,10799,12479,NEW LISTINGS RELATED NOTICES,59,,,createdDate,CAPITAL ALLIANCE LIMITED - DISCLOSURE REGARDING THE ADDENDUM TO THE PROSPECTUS OF CAPITAL ALLIANCE LIMITED
2021,New Listings Announcements,,TRADING AND MARKET SURVEILLANCE,,,,,,,,,,19 Nov 2021 08:00:25 PM,10798,12478,NEW LISTINGS RELATED NOTICES,59,,,createdDate,hSENID BUSINESS SOLUTIONS LIMITED – INITIAL PUBLIC OFFERING OF ORDINARY VOTING SHARES VIA OFFER FOR SUBSCRIPTION
2021,New Listings Announcements,,TRADING AND MARKET SURVEILLANCE,,,,,,,,,,11 Nov 2021 04:13:14 PM,10710,12387,NEW LISTINGS RELATED NOTICES,59,,,createdDate,LANKA CREDIT AND BUSINESS FINANCE LIMITED - INITIAL PUBLIC OFFERING OF ORDINARY VOTING SHARES VIA OFFER FOR SUBSCRIPTION
2021,New Listings Announcements,,TRADING AND MARKET SURVEILLANCE,,,,,,,,,,11 Nov 2021 11:05:26 AM,10698,12371,NEW LISTINGS RELATED NOTICES,59,,,createdDate,CAPITAL ALLIANCE LIMITED – INITIAL PUBLIC OFFERING OF ORDINARY VOTING SHARES
2021,New Listings Announcements,,TRADING AND MARKET SURVEILLANCE,,,,,,,,,,09 Nov 2021 04:11:13 PM,10666,12334,NEW LISTINGS RELATED NOTICES,59,,,createdDate,EX-PACK CORRUGATED CARTONS LIMITED (“THE COMPANY”) - INITIAL PUBLIC OFFERRING OF ORDINARY VOTING SHARES
2021,New Listings Announcements,,TRADING AND MARKET SURVEILLANCE,,,,,,,,,,08 Nov 2021 06:44:56 PM,10660,12328,NEW LISTINGS RELATED NOTICES,59,,,createdDate,EX-PACK CORRUGATED CARTONS LIMITED-INITIAL PUBLIC OFFERING OF ORDINARY VOTING SHARES
2021,New Listings Announcements,,TRADING AND MARKET SURVEILLANCE,,,,,,,,,,08 Nov 2021 03:06:29 PM,10653,12321,NEW LISTINGS RELATED NOTICES,59,,,createdDate,Lanka Credit and Business Finance Limited - Equity IPO 2021 - Basis of Allotment
2021,New Listings Announcements,,TRADING AND MARKET SURVEILLANCE,,,,,,,,,,05 Nov 2021 06:14:07 PM,10629,12300,NEW LISTINGS RELATED NOTICES,59,,,createdDate,Invitation to invest in the IPO of LANKA CREDIT AND BUSINESS FINANCE LTD
2021,New Listings Announcements,,TRADING AND MARKET SURVEILLANCE,,,,,,,,,,05 Nov 2021 12:28:46 PM,10622,12288,NEW LISTINGS RELATED NOTICES,59,,,createdDate,EX.PACK CORRUGATED CARTONS LIMITED - RELEASE OF HALF YEARLY FINANCIAL STATEMENTS AS AT 30TH SEPTEMBER 2021
2021,New Listings Announcements,,TRADING AND MARKET SURVEILLANCE,,,,,,,,,,03 Nov 2021 02:33:08 PM,10610,12274,NEW LISTINGS RELATED NOTICES,59,,,createdDate,EX.PACK CORRUGATED CARTONS LIMITED - INITIAL PUBLIC OFFERING
2021,New Listings Announcements,,TRADING AND MARKET SURVEILLANCE,,,,,,,,,,03 Nov 2021 10:53:01 AM,10604,12272,NEW LISTINGS RELATED NOTICES,59,,,createdDate,"EX.PACK CORRUGATED CARTONS LIMITED - INITIAL PUBLIC OFFERING (Total final figures in respect of the applications processed)
"
2021,New Listings Announcements,,TRADING AND MARKET SURVEILLANCE,,,,,,,,,,26 Oct 2021 11:36:55 AM,10512,12158,NEW LISTINGS RELATED NOTICES,59,,,createdDate,Lanka Credit and Business Finance Ltd - IPO 2021 Oversubscribed
2021,New Listings Announcements,,TRADING AND MARKET SURVEILLANCE,,,,,,,,,,18 Oct 2021 08:03:49 PM,10455,12105,NEW LISTINGS RELATED NOTICES,59,,,createdDate,DISCLOSURE REGARDING THE ADDENDUM TO THE PROSPECTUS OF EX-PACK CORRUGATED CARTONS LIMITED
2021,New Listings Announcements,,TRADING AND MARKET SURVEILLANCE,,,,,,,,,,18 Oct 2021 05:58:46 PM,10454,12104,NEW LISTINGS RELATED NOTICES,59,,,createdDate,SARVODAYA DEVELOPMENT FINANCE LIMITED-INITIAL PUBLIC OFFERING OF ORDINARY VOTING SHARES
2021,New Listings Announcements,,TRADING AND MARKET SURVEILLANCE,,,,,,,,,,13 Oct 2021 12:02:22 PM,10413,12049,NEW LISTINGS RELATED NOTICES,59,,,createdDate,LOLC Ceylon Holdings Limited - Circular on Listing via Debenture Issue
2021,New Listings Announcements,,TRADING AND MARKET SURVEILLANCE,,,,,,,,,,05 Oct 2021 05:46:54 PM,10317,11940,NEW LISTINGS RELATED NOTICES,59,,,createdDate,"LOLC CEYLON HOLDINGS LIMITED - DEBENTURE ISSUE 
RE: BASIS OF ALLOTMENT

"
2021,New Listings Announcements,,TRADING AND MARKET SURVEILLANCE,,,,,,,,,,05 Oct 2021 04:22:28 PM,10314,11935,NEW LISTINGS RELATED NOTICES,59,,,createdDate,"LOLC CEYLON HOLDINGS LIMITED - DEBENTURE ISSUE
RE: FINAL FIGURES IN RESPECT OF THE APPLICATIONS PROCESSED"
2021,New Listings Announcements,,TRADING AND MARKET SURVEILLANCE,,,,,,,,,,29 Sep 2021 06:01:04 PM,10209,11803,NEW LISTINGS RELATED NOTICES,59,,,createdDate,LOLC CEYLON HOLDINGS LIMITED - DEBENTURE ISSUE (OVERSUBSCRIBED)
2021,Buy-In Board Announcements,,TRADING AND MARKET SURVEILLANCE,,,,,,,,,,31 Dec 2021 01:05:05 PM,11349,13111,BUY-IN BOARD DISCLOSURES,60,,,createdDate,
2021,Buy-In Board Announcements,,TRADING AND MARKET SURVEILLANCE,,,,,,,,,,28 Dec 2021 01:09:31 PM,11296,13049,BUY-IN BOARD DISCLOSURES,60,,,createdDate,
2021,Buy-In Board Announcements,,TRADING AND MARKET SURVEILLANCE,,,,,,,,,,27 Dec 2021 01:59:04 PM,11272,13019,BUY-IN BOARD DISCLOSURES,60,,,createdDate,
2021,Buy-In Board Announcements,,TRADING AND MARKET SURVEILLANCE,,,,,,,,,,27 Dec 2021 01:08:01 PM,11270,13017,BUY-IN BOARD DISCLOSURES,60,,,createdDate,
2021,Buy-In Board Announcements,,TRADING AND MARKET SURVEILLANCE,,,,,,,,,,21 Dec 2021 01:06:39 PM,11200,12935,BUY-IN BOARD DISCLOSURES,60,,,createdDate,
2021,Buy-In Board Announcements,,TRADING AND MARKET SURVEILLANCE,,,,,,,,,,20 Dec 2021 01:04:12 PM,11170,12899,BUY-IN BOARD DISCLOSURES,60,,,createdDate,
2021,Buy-In Board Announcements,,TRADING AND MARKET SURVEILLANCE,,,,,,,,,,17 Dec 2021 01:05:26 PM,11145,12862,BUY-IN BOARD DISCLOSURES,60,,,createdDate,
2021,Buy-In Board Announcements,,TRADING AND MARKET SURVEILLANCE,,,,,,,,,,16 Dec 2021 01:04:29 PM,11127,12841,BUY-IN BOARD DISCLOSURES,60,,,createdDate,
2021,Buy-In Board Announcements,,TRADING AND MARKET SURVEILLANCE,,,,,,,,,,15 Dec 2021 01:06:21 PM,11106,12817,BUY-IN BOARD DISCLOSURES,60,,,createdDate,
2021,Buy-In Board Announcements,,TRADING AND MARKET SURVEILLANCE,,,,,,,,,,14 Dec 2021 01:05:49 PM,11081,12795,BUY-IN BOARD DISCLOSURES,60,,,createdDate,
2021,Buy-In Board Announcements,,TRADING AND MARKET SURVEILLANCE,,,,,,,,,,08 Dec 2021 01:05:27 PM,11022,12729,BUY-IN BOARD DISCLOSURES,60,,,createdDate,
2021,Buy-In Board Announcements,,TRADING AND MARKET SURVEILLANCE,,,,,,,,,,03 Dec 2021 01:04:24 PM,10963,12683,BUY-IN BOARD DISCLOSURES,60,,,createdDate,
2021,Buy-In Board Announcements,,TRADING AND MARKET SURVEILLANCE,,,,,,,,,,02 Dec 2021 01:09:05 PM,10945,12666,BUY-IN BOARD DISCLOSURES,60,,,createdDate,
2021,Buy-In Board Announcements,,TRADING AND MARKET SURVEILLANCE,,,,,,,,,,01 Dec 2021 01:07:01 PM,10929,12645,BUY-IN BOARD DISCLOSURES,60,,,createdDate,
2021,Buy-In Board Announcements,,TRADING AND MARKET SURVEILLANCE,,,,,,,,,,29 Nov 2021 01:05:41 PM,10887,12599,BUY-IN BOARD DISCLOSURES,60,,,createdDate,
2021,Buy-In Board Announcements,,TRADING AND MARKET SURVEILLANCE,,,,,,,,,,24 Nov 2021 01:07:44 PM,10837,12530,BUY-IN BOARD DISCLOSURES,60,,,createdDate,
2021,Buy-In Board Announcements,,TRADING AND MARKET SURVEILLANCE,,,,,,,,,,23 Nov 2021 01:07:45 PM,10828,12519,BUY-IN BOARD DISCLOSURES,60,,,createdDate,
2021,Buy-In Board Announcements,,TRADING AND MARKET SURVEILLANCE,,,,,,,,,,22 Nov 2021 01:07:08 PM,10812,12504,BUY-IN BOARD DISCLOSURES,60,,,createdDate,
2021,Buy-In Board Announcements,,TRADING AND MARKET SURVEILLANCE,,,,,,,,,,19 Nov 2021 01:05:35 PM,10786,12458,BUY-IN BOARD DISCLOSURES,60,,,createdDate,
2021,Buy-In Board Announcements,,TRADING AND MARKET SURVEILLANCE,,,,,,,,,,17 Nov 2021 01:04:05 PM,10772,12444,BUY-IN BOARD DISCLOSURES,60,,,createdDate,
2021,Buy-In Board Announcements,,TRADING AND MARKET SURVEILLANCE,,,,,,,,,,11 Nov 2021 01:04:05 PM,10700,12372,BUY-IN BOARD DISCLOSURES,60,,,createdDate,
2021,Buy-In Board Announcements,,TRADING AND MARKET SURVEILLANCE,,,,,,,,,,10 Nov 2021 01:07:02 PM,10675,12353,BUY-IN BOARD DISCLOSURES,60,,,createdDate,
2021,Buy-In Board Announcements,,TRADING AND MARKET SURVEILLANCE,,,,,,,,,,03 Nov 2021 01:09:57 PM,10609,12273,BUY-IN BOARD DISCLOSURES,60,,,createdDate,
2021,Buy-In Board Announcements,,TRADING AND MARKET SURVEILLANCE,,,,,,,,,,02 Nov 2021 01:20:54 PM,10590,12253,BUY-IN BOARD DISCLOSURES,60,,,createdDate,
2021,Buy-In Board Announcements,,TRADING AND MARKET SURVEILLANCE,,,,,,,,,,29 Oct 2021 01:08:20 PM,10551,12212,BUY-IN BOARD DISCLOSURES,60,,,createdDate,
2021,Buy-In Board Announcements,,TRADING AND MARKET SURVEILLANCE,,,,,,,,,,28 Oct 2021 02:07:42 PM,10536,12192,BUY-IN BOARD DISCLOSURES,60,,,createdDate,
2021,Buy-In Board Announcements,,TRADING AND MARKET SURVEILLANCE,,,,,,,,,,28 Oct 2021 01:12:12 PM,10533,12190,BUY-IN BOARD DISCLOSURES,60,,,createdDate,
2021,Buy-In Board Announcements,,TRADING AND MARKET SURVEILLANCE,,,,,,,,,,27 Oct 2021 01:15:52 PM,10519,12168,BUY-IN BOARD DISCLOSURES,60,,,createdDate,
2021,Buy-In Board Announcements,,TRADING AND MARKET SURVEILLANCE,,,,,,,,,,26 Oct 2021 01:07:05 PM,10513,12159,BUY-IN BOARD DISCLOSURES,60,,,createdDate,
2021,Buy-In Board Announcements,,TRADING AND MARKET SURVEILLANCE,,,,,,,,,,25 Oct 2021 01:04:22 PM,10507,12152,BUY-IN BOARD DISCLOSURES,60,,,createdDate,
2021,Buy-In Board Announcements,,TRADING AND MARKET SURVEILLANCE,,,,,,,,,,22 Oct 2021 01:06:08 PM,10477,12132,BUY-IN BOARD DISCLOSURES,60,,,createdDate,
2021,Buy-In Board Announcements,,TRADING AND MARKET SURVEILLANCE,,,,,,,,,,13 Oct 2021 01:09:44 PM,10414,12053,BUY-IN BOARD DISCLOSURES,60,,,createdDate,
2021,Buy-In Board Announcements,,TRADING AND MARKET SURVEILLANCE,,,,,,,,,,08 Oct 2021 01:14:14 PM,10374,12002,BUY-IN BOARD DISCLOSURES,60,,,createdDate,
2021,Buy-In Board Announcements,,TRADING AND MARKET SURVEILLANCE,,,,,,,,,,07 Oct 2021 01:16:26 PM,10354,11978,BUY-IN BOARD DISCLOSURES,60,,,createdDate,
2021,Buy-In Board Announcements,,TRADING AND MARKET SURVEILLANCE,,,,,,,,,,01 Oct 2021 01:07:14 PM,10271,11883,BUY-IN BOARD DISCLOSURES,60,,,createdDate,
2021,Buy-In Board Announcements,,TRADING AND MARKET SURVEILLANCE,,,,,,,,,,30 Sep 2021 01:14:58 PM,10214,11814,BUY-IN BOARD DISCLOSURES,60,,,createdDate,
2021,Buy-In Board Announcements,,TRADING AND MARKET SURVEILLANCE,,,,,,,,,,28 Sep 2021 01:09:10 PM,10168,11754,BUY-IN BOARD DISCLOSURES,60,,,createdDate,
2021,COVID Announcements,,LANKA MILK FOODS (CWE) PLC,,,,,,,,,,28 Jul 2021 03:24:21 PM,9342,10774,DISCLOSURE REGARDING IMPACT OF COVID-19 ON LISTED COMPANIES,58,,,createdDate,
