news_text,company,_parsed_date
INDEPENDENT AUDITOR'S REPORT CONTAINING AN EMPHASIS OF MATTER ON GOING CONCERN,ACME PRINTING & PACKAGING PLC,2026-05-06 15:22:59
BUY-IN BOARD DISCLOSURES,TRADING AND MARKET SURVEILLANCE,2026-05-06 13:50:14
NON-COMPLIANCE OF MINIMUM PUBLIC HOLDING REQUIREMENTS,LOLC FINANCE PLC,2026-05-05 16:16:16
NON-COMPLIANCE OF CORPORATE GOVERNANCE RULES,ASSOCIATED MOTOR FINANCE COMPANY PLC,2026-05-05 10:07:26
INDEPENDENT AUDITOR'S REPORT CONTAINING MODIFIED AUDIT OPINION,ASIA CAPITAL PLC,2026-05-04 12:34:57
JANASHAKTHI LIMITED (“COMPANY”) – INITIAL PUBLIC OFFERING OF ORDINARY VOTING SHARES,TRADING AND MARKET SURVEILLANCE,2026-04-28 15:21:51
JANASHAKTHI LIMITED – INITIAL PUBLIC OFFER 2026 – RESPONSE TO CONCERNS REGARDING BASIS OF ALLOTMENT TO NON-RETAIL INVESTORS,TRADING AND MARKET SURVEILLANCE,2026-04-24 18:56:36
JANASHAKTHI LIMITED - INITIAL PUBLIC OFFER 2026 -BASIS OF ALLOTMENT,TRADING AND MARKET SURVEILLANCE,2026-04-22 09:43:47
JANASHAKTHI LIMITED-INITIAL PUBLIC OFFER 2026-FINAL FIGURES,TRADING AND MARKET SURVEILLANCE,2026-04-21 11:41:42
JANASHAKTHI LIMITED- INITIAL PUBLIC OFFERING-OVERSUBSCRIPTION,TRADING AND MARKET SURVEILLANCE,2026-04-09 09:56:14
"MAHINDRA IDEAL FINANCE LIMITED (“COMPANY”) – ISSUANCE OF 10,000,000 TIER 2, LISTED, RATED, UNSECURED, SUBORDINATED, REDEEMABLE, 5-YEAR DEBENTURES",TRADING AND MARKET SURVEILLANCE,2026-03-31 19:16:09
"HAYLEYS PLC (“COMPANY”) – LISTED, RATED, UNSECURED, SENIOR, REDEEMABLE DEBENTURES",TRADING AND MARKET SURVEILLANCE,2026-03-27 21:11:55
"MAHINDRA IDEAL FINANCE LIMITED (""T'HE COMPANY"") - DEBENTURE ISSUE 2026-BASIS OF ALLOTMENT",TRADING AND MARKET SURVEILLANCE,2026-03-26 16:56:17
MAHINDRA IDEAL FINANCE LIMITED- DEBENTURE ISSUE 2026-FINAL FIGURES,TRADING AND MARKET SURVEILLANCE,2026-03-26 16:54:18
MAHINDRA IDEAL FINANCE LIMITED-DEBENTURE ISSUE 2026,TRADING AND MARKET SURVEILLANCE,2026-03-23 17:01:06
JANASHAKTHI LIMITED (‘COMPANY’) -INITIAL PUBLIC OFFERING OF ORDINARY VOTING SHARES VIA AN OFFER FOR SUBSCRIPTION,TRADING AND MARKET SURVEILLANCE,2026-03-20 20:26:20
"UNION BANK OF COLOMBO PLC (“BANK”) – BASEL III COMPLIANT, TIER 2, LISTED, RATED, UNSECURED, SUBORDINATED, REDEEMABLE, HIGH YIELD 5 YEAR DEBENTURES",TRADING AND MARKET SURVEILLANCE,2026-03-20 20:25:47
"NATIONAL DEVELOPMENT BANK PLC (“BANK”) – BASEL III COMPLIANT TIER 2, LISTED, RATED, UNSECURED, SUBORDINATED, REDEEMABLE GSS+ BONDS WITH NON-VIABILITY WRITE-DOWN FEATURES",TRADING AND MARKET SURVEILLANCE,2026-03-20 08:17:31
"MAHINDRA IDEAL FINANCE LIMITED (“COMPANY”) – TIER 2, LISTED, RATED, UNSECURED, SUBORDINATED, REDEEMABLE, 5-YEAR DEBENTURES",TRADING AND MARKET SURVEILLANCE,2026-03-17 17:17:32
"SIYAPATHA FINANCE PLC (“COMPANY”) – ISSUANCE OF LISTED, RATED, SUBORDINATED, UNSECURED, REDEEMABLE DEBENTURES 2026",TRADING AND MARKET SURVEILLANCE,2026-03-13 20:54:23
HAYLEYS PLC (“THE COMPANY”) – LISTED RATED UNSECURED SENIOR REDEEMABLE DEBENTURES,TRADING AND MARKET SURVEILLANCE,2026-03-11 17:12:32
"DFCC BANK PLC (“BANK”) – BASEL III COMPLIANT TIER 2, LISTED, RATED, UNSECURED, SUBORDINATED, REDEEMABLE 5-YEAR (2026/31), 7-YEAR (2026-33) AND 10-YEAR (2026-36) GSS+ BONDS WITH NON-VIABILITY WRITE-DOWN FEATURES",TRADING AND MARKET SURVEILLANCE,2026-02-19 16:41:14
CAL THREE YEAR CLOSED END FUND (“UNITS”) – INTRODUCTION,TRADING AND MARKET SURVEILLANCE,2026-02-18 17:24:25
CAL THREE YEAR CLOSED END FUND (“UNITS”) – LISTING VIA AN INTRODUCTION,TRADING AND MARKET SURVEILLANCE,2026-02-12 10:22:18
"DFCC Bank PLC (“Bank”) – Basel III compliant Tier 2, Listed, Rated, Unsecured, Subordinated, Redeemable 5-Year (2026/31), 7-Year (2026-33) and 10-Year (2026-36) GSS+ Bonds with Non-Viability Write-Down Features",TRADING AND MARKET SURVEILLANCE,2026-01-30 10:20:54
"Bank of Ceylon PLC (“Bank”) – Issuance of 200,000,000 Basel III compliant - Tier 2, Listed, Rated, Unsecured, Subordinated, Redeemable 5-year Sustainability Bonds with Non-Viability Write-Down Features",TRADING AND MARKET SURVEILLANCE,2026-01-08 17:17:55
WEALTHTRUST SECURITIES LIMITED (“COMPANY”) – INITIAL PUBLIC OFFERING OF ORDINARY VOTING SHARES,TRADING AND MARKET SURVEILLANCE,2026-01-05 16:38:02
WEALTHTRUST SECURITIES LIMITED - EQUITY IPO 2025 - BASIS OF ALLOTMENT,TRADING AND MARKET SURVEILLANCE,2025-12-24 16:24:51
WEALTHTRUST SECURITIES LIMITED – INITIAL PUBLIC OFFERING,TRADING AND MARKET SURVEILLANCE,2025-12-24 09:50:23
"ASSETLINE FINANCE LIMITED (“COMPANY”) – ISSUANCE OF 50,000,000 LISTED, RATED, UNSECURED, SENIOR, REDEEMABLE, 5-YEAR DEBENTURES",TRADING AND MARKET SURVEILLANCE,2025-12-18 16:47:34
"HATTON NATIONAL BANK PLC (“BANK”) – ISSUANCE OF 100,000,000 LISTED, RATED, UNSECURED, REDEEMABLE, SENIOR SUSTAINABLE BONDS",TRADING AND MARKET SURVEILLANCE,2025-12-18 16:46:30
"LOLC FINANCE PLC (“COMPANY”) – ISSUANCE OF 150,000,000 LISTED, RATED, SENIOR, UNSECURED, REDEEMABLE FIVE-YEAR DEBENTURES 2025",TRADING AND MARKET SURVEILLANCE,2025-12-16 16:45:03
"BANK OF CEYLON (“BANK”) – BASEL III COMPLIANT TIER 2, LISTED, RATED, UNSECURED, SUBORDINATED, REDEEMABLE 5-YEAR (2025/30) SUSTAINABILITY BONDS WITH NON-VIABILITY WRITE-DOWN FEATURES",TRADING AND MARKET SURVEILLANCE,2025-12-15 15:13:38
ASSETLINE FINANCE LIMITED-DEBENTURE ISSUE 2025-BASIS OF ALLOTMENT,TRADING AND MARKET SURVEILLANCE,2025-12-12 12:21:36
ASSETLINE FINANCE LIMITED-DEBENTURE ISSUE 2025-FINAL FIGURES,TRADING AND MARKET SURVEILLANCE,2025-12-12 12:20:33
"CBC FINANCE LIMITED (“COMPANY”) – ISSUANCE OF 15,000,000 LISTED, RATED, UNSECURED, SUBORDINATED, REDEEMABLE, DEBENTURES",TRADING AND MARKET SURVEILLANCE,2025-12-10 16:36:01
ASSETLINE FINANCE LIMITED-DEBENTURE ISSUE 2025,TRADING AND MARKET SURVEILLANCE,2025-12-09 20:01:04
CBC FINANCE LTD - DEBT IPO 2025 - BASIS OF ALLOTMENT,TRADING AND MARKET SURVEILLANCE,2025-12-05 13:54:44
CBC FINANCE LTD - DEBT IPO 2025 - NUMBER OF APPLICATIONS,TRADING AND MARKET SURVEILLANCE,2025-12-03 09:55:04
"ASSETLINE FINANCE LIMITED (“COMPANY”) –LISTED, RATED, UNSECURED, SENIOR, REDEEMABLE, 5-YEAR DEBENTURES",TRADING AND MARKET SURVEILLANCE,2025-12-01 22:39:36
INSUREME INSURANCE BROKERS LIMITED (“COMPANY”) – LISTING VIA INTRODUCTION ON THE EMPOWER BOARD,TRADING AND MARKET SURVEILLANCE,2025-11-27 21:02:06
CBC FINANCE LTD - DEBT IPO 2025 - LEVEL OF SUBSCRIPTION,TRADING AND MARKET SURVEILLANCE,2025-11-27 20:59:07
"DFCC BANK PLC (“BANK”) – LISTED, RATED, SENIOR, UNSECURED, REDEEMABLE 3-5-YEAR BLUE BONDS",TRADING AND MARKET SURVEILLANCE,2025-11-25 17:25:05
CBC FINANCE LIMITED- DEBT IPO 2025 - LEVEL OF SUBSCRIPTION,TRADING AND MARKET SURVEILLANCE,2025-11-25 12:43:22
WEALTHTRUST SECURITIES LIMITED (‘COMPANY’) - INITIAL PUBLIC OFFERING OF ORDINARY VOTING SHARES VIA AN OFFER FOR SUBSCRIPTION,TRADING AND MARKET SURVEILLANCE,2025-11-24 11:06:55
CBC FINANCE LIMITED (“COMPANY”) – AN INITIAL ISSUE OF LISTED RATED UNSECURED SUBORDINATED REDEEMABLE DEBENTURES 2025-2030,TRADING AND MARKET SURVEILLANCE,2025-11-19 14:12:46
JF PACKAGING LIMITED (“COMPANY”) – INITIAL PUBLIC OFFERING OF ORDINARY VOTING SHARES,TRADING AND MARKET SURVEILLANCE,2025-11-18 08:39:13
JF Packaging Limited - Equity IPO 2025 - Basis of allotment,TRADING AND MARKET SURVEILLANCE,2025-11-10 17:29:13
"CBC FINANCE LIMITED (“COMPANY”) – ISSUANCE OF 15,000,000 LISTED RATED UNSECURED SUBORDINATED REDEEMABLE DEBENTURES",TRADING AND MARKET SURVEILLANCE,2025-11-10 15:50:33
"DFCC BANK PLC (“BANK”) – LISTED, RATED, SENIOR, UNSECURED, REDEEMABLE BLUE BONDS",TRADING AND MARKET SURVEILLANCE,2025-11-07 19:23:11
JF PACKAGING LIMITED - INITIAL PUBLIC OFFER 2025-FINAL FIGURES,TRADING AND MARKET SURVEILLANCE,2025-11-06 16:45:01
JF PACKAGING LIMITED- INITIAL PUBLIC OFFERING,TRADING AND MARKET SURVEILLANCE,2025-10-30 09:21:45
"SARVODAYA DEVELOPMENT FINANCE PLC (“COMPANY”) – TIER 2, LISTED, RATED, UNSECURED, 
SUBORDINATED, REDEEMABLE, HIGH YIELD, SUSTAINABLE BONDS",TRADING AND MARKET SURVEILLANCE,2025-10-29 15:39:50
"LCB FINANCE PLC (“COMPANY”) – TIER 2, LISTED, RATED, UNSECURED, SUBORDINATED, REDEEMABLE HIGH YIELD BONDS",TRADING AND MARKET SURVEILLANCE,2025-10-28 09:10:04
"FIRST CAPITAL HOLDINGS PLC (“COMPANY”) – LISTED, RATED, SENIOR, UNSECURED, REDEEMABLE DEBENTURES",TRADING AND MARKET SURVEILLANCE,2025-10-08 08:55:58
"FIRST CAPITAL HOLDINGS PLC (“COMPANY”) – LISTED, RATED, SENIOR, UNSECURED, REDEEMABLE
FIVE-YEAR DEBENTURES",TRADING AND MARKET SURVEILLANCE,2025-09-17 09:12:14
"ALLIANCE FINANCE COMPANY PLC (“COMPANY”) – LISTED, RATED, UNSECURED, SENIOR, REDEEMABLE 
SOCIAL 4-5 YEAR BONDS",TRADING AND MARKET SURVEILLANCE,2025-09-04 16:59:47
"COMMERCIAL BANK OF CEYLON PLC (“BANK”) – BASEL III COMPLIANT, TIER 2, LISTED, RATED, UNSECURED, SUBORDINATED, REDEEMABLE, GREEN BONDS ISSUE WITH A NON-VIABILITY CONVERSION FEATURE",TRADING AND MARKET SURVEILLANCE,2025-08-18 17:07:30
"FURTHER ANNOUNCEMENT : ALLIANCE FINANCE COMPANY PLC (“THE COMPANY”) – LISTED, RATED, UNSECURED, SENIOR, REDEEMABLE SOCIAL 4-5 YEAR BONDS",TRADING AND MARKET SURVEILLANCE,2025-08-12 14:27:05
"ALLIANCE FINANCE COMPANY PLC (“THE COMPANY”) – LISTED, RATED, UNSECURED, SENIOR, REDEEMABLE SOCIAL 4-5 YEAR BONDS",TRADING AND MARKET SURVEILLANCE,2025-08-12 09:03:03
"COMMERCIAL BANK OF CEYLON PLC (“THE BANK”) – BASEL III COMPLIANT, TIER 2, LISTED, RATED, UNSECURED, SUBORDINATED, REDEEMABLE, GREEN BONDS ISSUE WITH A NON-VIABILITY CONVERSION FEATURE.",TRADING AND MARKET SURVEILLANCE,2025-07-28 16:42:43
SEYLAN BANK PLC (“THE BANK”) – BASEL III COMPLIANT CONVERTIBLE DEBENTURE ISSUE 2025.,TRADING AND MARKET SURVEILLANCE,2025-07-28 08:56:55
INITIAL PUBLIC OFFERING (IPO) OF LTL HOLDINGS LIMITED(LTLH/COMPANY),TRADING AND MARKET SURVEILLANCE,2025-07-16 16:39:25
"RESUS ENERGY PLC (“COMPANY”) – ISSUANCE OF LISTED, RATED, UNSECURED, SENIOR, REDEEMABLE GREEN 4 & 5-YEAR BONDS",TRADING AND MARKET SURVEILLANCE,2025-07-09 10:39:44
"VIDULLANKA PLC (“COMPANY”) – ISSUANCE OF 5,000,000 SUKUK (SHARIAH COMPLIANT DEBT SECURITIES)",TRADING AND MARKET SURVEILLANCE,2025-07-03 17:12:35
"SEYLAN BANK PLC (“THE BANK”) – BASEL III COMPLIANT, TIER 2, LISTED, RATED, UNSECURED, SUBORDINATED, REDEEMABLE DEBENTURE ISSUE WITH A NON-VIABILITY",TRADING AND MARKET SURVEILLANCE,2025-07-03 15:49:47
"SIYAPATHA FINANCE PLC (“COMPANY”) – ISSUANCE OF 50,000,000 LISTED, RATED, SENIOR, UNSECURED, REDEEMABLE DEBENTURES - 2025",TRADING AND MARKET SURVEILLANCE,2025-07-02 11:52:03
"RESUS ENERGY PLC (“THE COMPANY”) – LISTED, RATED, UNSECURED, SENIOR, REDEEMABLE GREEN
4 & 5-YEAR BONDS",TRADING AND MARKET SURVEILLANCE,2025-06-17 17:04:06
"SIYAPATHA FINANCE PLC (“COMPANY”) – ISSUANCE OF 50,000,000 LISTED, RATED, SENIOR, UNSECURED REDEEMABLE DEBENTURES",TRADING AND MARKET SURVEILLANCE,2025-06-12 16:21:54
"MERCHANT BANK OF SRI LANKA & FINANCE PLC (“COMPANY”) – ISSUANCE OF 10,000,000 UNSECURED, SUBORDINATED, REDEEMABLE, LISTED, RATED DEBENTURES - 2025",TRADING AND MARKET SURVEILLANCE,2025-06-03 17:01:27
BANK OF CEYLON (“BANK”) – BASEL III COMPLIANT DEBENTURE ISSUE WITH NON-VIABILITY WRITE DOWN FEATURES,TRADING AND MARKET SURVEILLANCE,2025-05-30 17:13:07
"CAPITAL ALLIANCE HOLDINGS LTD (“THE COMPANY”) – INITIAL PUBLIC OFFERING OF ORDINARY VOTING 
SHARES",TRADING AND MARKET SURVEILLANCE,2025-05-27 17:04:04
CAPITAL ALLIANCE HOLDINGS LIMITED - BASIS OF ALLOTMENT,TRADING AND MARKET SURVEILLANCE,2025-05-20 20:48:16
"Hayleys PLC (“Company”) – Issuance of 70,000,000 Listed Rated Unsecured Senior Redeemable 
Debentures - 2025",TRADING AND MARKET SURVEILLANCE,2025-05-20 20:43:59
CAPITAL ALLIANCE HOLDINGS LIMITED - INITIAL PUBLIC OFFER 2025-FINAL FIGURES,TRADING AND MARKET SURVEILLANCE,2025-05-19 17:05:07
"Merchant Bank of Sri Lanka & Finance PLC (“Company”) – Issuance of 10,000,000 Unsecured,
Subordinated, Redeemable, Listed, Rated Debentures 2025",TRADING AND MARKET SURVEILLANCE,2025-05-10 13:49:16
CAPITAL ALLIANCE HOLDINGS LIMITED – INITIAL PUBLIC OFFERING,TRADING AND MARKET SURVEILLANCE,2025-05-08 09:31:04
Bank of Ceylon (“Bank”) – BASEL III Compliant Debenture Issue with Non-Viability Write Down Features,TRADING AND MARKET SURVEILLANCE,2025-05-06 11:09:09
"First Capital Treasuries PLC (“Company”) – Issuance of 30,000,000 Redeemable Debentures - 2025",TRADING AND MARKET SURVEILLANCE,2025-05-05 17:13:05
HAYLEYS PLC (“THE COMPANY”) - LISTED RATED UNSECURED SENIOR REDEEMABLE FIVE YEAR (2025/2030) DEBENTURES,TRADING AND MARKET SURVEILLANCE,2025-04-25 08:48:42
Capital Alliance Holdings Limited (‘Company/CALH’) - Initial Public Offering of Ordinary Voting Shares via an Offer for Subscription,TRADING AND MARKET SURVEILLANCE,2025-04-21 16:45:25
"Sampath Bank PLC (“Bank”) – Issuance of 100,000,000 BASEL III Compliant Convertible Debentures - 2025",TRADING AND MARKET SURVEILLANCE,2025-03-28 19:51:22
CAL FIVE YEAR CLOSED END FUND (“Units”) – INTRODUCTION,TRADING AND MARKET SURVEILLANCE,2025-03-19 15:15:53
"SAMPATH BANK PLC (“BANK”) – ISSUANCE OF 100,000,000 BASEL III COMPLIANT CONVERTIBLE DEBENTURES - 2025",TRADING AND MARKET SURVEILLANCE,2025-03-10 11:43:00
"FINTREX FINANCE LIMITED (“THE COMPANY”) – TIER 2, LISTED, RATED, UNSECURED, SUBORDINATED, REDEEMABLE, HIGH YIELD BONDS",TRADING AND MARKET SURVEILLANCE,2025-03-10 10:22:33
FINTREX FINANCE LIMITED–HIGH YIELD BOND ISSUE 2025-BASIS OF ALLOTMENT,TRADING AND MARKET SURVEILLANCE,2025-03-04 12:49:31
FINTREX FINANCE LIMITED – HIGH YIELD BOND ISSUE 2025 – NO. OF APPLICATIONS,TRADING AND MARKET SURVEILLANCE,2025-02-28 09:02:12
FINTREX FINANCE LIMITED – HIGH YIELD BOND ISSUE 2025,TRADING AND MARKET SURVEILLANCE,2025-02-25 16:41:37
"ALLIANCE FINANCE COMPANY PLC (“THE COMPANY”) – LISTED, RATED, GUARANTEED, SENIOR, 
REDEEMABLE GREEN 3-YEAR BONDS",TRADING AND MARKET SURVEILLANCE,2025-02-25 16:21:30
"FINTREX FINANCE LIMITED (“THE COMPANY”) – TIER 2, LISTED, RATED, UNSECURED, SUBORDINATED, 
REDEEMABLE, HIGH YIELD BONDS",TRADING AND MARKET SURVEILLANCE,2025-02-20 09:44:13
"ALLIANCE FINANCE COMPANY PLC (“THE COMPANY”) – LISTED, RATED, GUARANTEED, SENIOR, REDEEMABLE GREEN 3-YEAR BONDS",TRADING AND MARKET SURVEILLANCE,2025-02-06 15:45:51
"LTL HOLDINGS LIMITED - COLLECTION OF APPLICATION FORMS FROM APPLICANTS, AND MANAGEMENT OF APPLICATION FORMS",TRADING AND MARKET SURVEILLANCE,2025-01-20 08:53:13
"ASIA ASSET FINANCE PLC (“COMPANY”)– ISSUANCE OF 20,000,000 LISTED, RATED, UNSECURED, SENIOR, REDEEMABLE DEBENTURES - 2024",TRADING AND MARKET SURVEILLANCE,2024-12-31 16:41:39
"ABANS PLC (“THE COMPANY”) – LISTED, RATED, UNSECURED, SENIOR, REDEEMABLE DEBENTURES",TRADING AND MARKET SURVEILLANCE,2024-12-17 17:00:11
"Asia Asset Finance PLC (“Company”) – Issuance of 20,000,000 Listed, Rated, Unsecured, Senior, Redeemable Debentures - 2024",TRADING AND MARKET SURVEILLANCE,2024-12-06 15:55:02
"NATIONAL DEVELOPMENT BANK PLC – ISSUANCE OF 50,000,000 BASEL III COMPLIANT, LISTED, RATED, UNSECURED, SUBORDINATED, REDEEMABLE DEBENTURES WITH A NON-VIABILITY CONVERSION FEATURE - 2024",TRADING AND MARKET SURVEILLANCE,2024-12-05 16:58:51
"VALLIBEL FINANCE PLC – LISTED, RATED, SUBORDINATED, UNSECURED, REDEEMABLE DEBENTURES",TRADING AND MARKET SURVEILLANCE,2024-12-05 16:58:33
Abans PLC (“The Company”) – Listed Rated Unsecured Senior Redeemable Debenture issue,TRADING AND MARKET SURVEILLANCE,2024-11-25 17:55:46
"NATIONAL DEVELOPMENT BANK PLC (“BANK”)– ISSUANCE OF 50,000,000 BASEL III COMPLIANT CONVERTIBLE DEBENTURES - 2024",TRADING AND MARKET SURVEILLANCE,2024-11-22 11:36:03
"Vallibel Finance PLC (“The Company”) – Listed, Rated, Subordinated, Unsecured, Redeemable 
Debenture Issue",TRADING AND MARKET SURVEILLANCE,2024-11-11 15:20:26
"LTL HOLDINGS LIMITED- COLLECTION OF APPLICATION FORMS FROM APPLICANTS, AND MANAGEMENT OF APPLICATION FORMS",TRADING AND MARKET SURVEILLANCE,2024-10-04 12:20:31
LTL HOLDINGS LIMITED - NOT PROCEEDING WITH THE IPO UNTIL SUPREME COURT MAKES A RULING ON THE INTERIM RELIEF,TRADING AND MARKET SURVEILLANCE,2024-10-04 08:45:56
DIGITAL MOBILITY SOLUTIONS LANKA LIMITED (“THE COMPANY”) – INITIAL PUBLIC OFFERING OF ORDINARY VOTING SHARES,TRADING AND MARKET SURVEILLANCE,2024-10-01 16:26:01
"SECOND ADDENDUM DATED SEPTEMBER 30, 2024 TO THE PROSPECTUS OF LTL HOLDINGS LIMITED DATED AUGUST 29, 2024",TRADING AND MARKET SURVEILLANCE,2024-10-01 09:52:05
"DFCC BANK PLC – SENIOR, LISTED, RATED, UNSECURED, REDEEMABLE, GREEN 3-YEAR BONDS",TRADING AND MARKET SURVEILLANCE,2024-09-27 16:58:52
DIGITAL MOBILITY SOLUTIONS LANKA LIMITED - INITIAL PUBLIC OFFERING,TRADING AND MARKET SURVEILLANCE,2024-09-25 17:15:11
"DIGITAL MOBILITY SOLUTIONS LANKA LIMITED - INITIAL PUBLIC OFFER 2024
FINAL FIGURES",TRADING AND MARKET SURVEILLANCE,2024-09-23 13:36:25
DIGITAL MOBILITY SOLUTIONS LANKA LIMITED - EQUITY IPO 2024 - UPDATE ON COURT PROCEEDINGS,TRADING AND MARKET SURVEILLANCE,2024-09-19 10:14:27
INITIAL PUBLIC OFFER (IPO) OF LTL HOLDINGS LIMITED,TRADING AND MARKET SURVEILLANCE,2024-09-13 13:55:39
DIGITAL MOBILITY SOLUTIONS LANKA LIMITED - ADDENDUM TO THE PROSPECTUS,TRADING AND MARKET SURVEILLANCE,2024-09-13 09:29:50
LTL HOLDINGS LIMITED - NOT PROCEEDING WITH THE OPENING OF THE IPO ON 13TH SEPTEMBER 2024,TRADING AND MARKET SURVEILLANCE,2024-09-13 08:15:49
"DFCC BANK PLC (“THE COMPANY”) – SENIOR, LISTED, RATED, UNSECURED, REDEEMABLE, GREEN 3-YEAR BONDS",TRADING AND MARKET SURVEILLANCE,2024-09-09 15:28:41
LTL HOLDINGS LIMITED (“THE COMPANY”) – INITIAL PUBLIC OFFER OF ORDINARY VOTING SHARES,TRADING AND MARKET SURVEILLANCE,2024-09-09 09:17:45
"ADDENDUM TO THE PROSPECTUS OF LTL HOLDINGS LIMITED DATED AUGUST 29, 2024",TRADING AND MARKET SURVEILLANCE,2024-09-09 08:35:34
CHANGE OF SUBSCRIPTION DATES FOR THE INITIAL PUBLIC OFFERING OF LTL HOLDINGS LIMITED,TRADING AND MARKET SURVEILLANCE,2024-09-09 06:05:45
HATTON NATIONAL BANK PLC – BASEL III COMPLIANT CONVERTIBLE DEBENTURE ISSUE 2024,TRADING AND MARKET SURVEILLANCE,2024-09-04 16:50:29
"DIGITAL MOBILITY SOLUTIONS LANKA LIMITED (“THE COMPANY”) – INITIAL PUBLIC OFFER OF 
ORDINARY VOTING SHARES VIA AN OFFER FOR SALE",TRADING AND MARKET SURVEILLANCE,2024-09-02 16:27:24
National Development Bank PLC (“Bank”)– BASEL III Compliant Convertible Debenture Issue 2024,TRADING AND MARKET SURVEILLANCE,2024-09-02 10:18:39
"HATTON NATIONAL BANK PLC (“THE BANK”) – BASEL III COMPLIANT, TIER 2, LISTED, RATED, UNSECURED, SUBORDINATED, REDEEMABLE DEBENTURE ISSUE WITH A NON-VIABILITY CONVERSION FEATURE",TRADING AND MARKET SURVEILLANCE,2024-08-09 17:17:00
CABLE SOLUTION LTD (“THE COMPANY”) – INITIAL PUBLIC OFFERING OF ORDINARY VOTING SHARES,TRADING AND MARKET SURVEILLANCE,2024-08-09 17:15:25
"CABLE SOLUTIONS LIMITED - OFFER FOR SUBSCRIPTION AND OFFER FOR SALE OF EIGHTY MILLION SEVEN HUNDRED AND EIGHTY SIX THOUSAND SIX HUNDRED (80,786,600) ORDINARY VOTING SHARES AT LKR 7.50 PER SHARE",TRADING AND MARKET SURVEILLANCE,2024-08-01 15:58:06
SEYLAN BANK PLC (“THE BANK”) – BASEL III COMPLIANT CONVERTIBLE DEBENTURE ISSUE 2024,TRADING AND MARKET SURVEILLANCE,2024-07-24 16:58:10
MAHARAJA FOODS LIMITED – INITIAL PUBLIC OFFERING OF ORDINARY VOTING SHARES,TRADING AND MARKET SURVEILLANCE,2024-07-23 16:36:31
"OFFER FOR SUBSCRIPTION AND OFFER FOR SALE OF EIGHTY MILLION SEVEN HUNDRED AND EIGHTY SIX THOUSAND SIX HUNDRED (80,786,600) ORDINARY VOTING SHARES AT LKR 7.50 PER SHARE",TRADING AND MARKET SURVEILLANCE,2024-07-23 15:35:54
COMMERCIAL BANK OF CEYLON PLC – BASEL III COMPLIANT CONVERTIBLE DEBENTURE ISSUE 2024,TRADING AND MARKET SURVEILLANCE,2024-07-18 16:52:17
MAHARAJA FOODS LIMITED - IPO - BASIS OF ALLOTMENT,TRADING AND MARKET SURVEILLANCE,2024-07-15 08:59:53
MAHARAJA FOODS LIMITED - IPO - APPLICATIONS RECEIVED,TRADING AND MARKET SURVEILLANCE,2024-07-11 15:43:47
"OFFER FOR SUBSCRIPTION OF TWENTY-FIVE MILLION (25,000,000) ORDINARY VOTING SHARES AT LKR 5.00 PER SHARE TO RAISE A TOTAL SUM OF SRI LANKA RUPEES ONE HUNDRED TWENTY-FIVE MILLION (LKR 125,000,000.00)",TRADING AND MARKET SURVEILLANCE,2024-07-04 13:29:53
"MAHARAJA FOODS LIMITED (“THE COMPANY”) – INITIAL PUBLIC OFFERING OF ORDINARY VOTING 
SHARES",TRADING AND MARKET SURVEILLANCE,2024-06-19 15:35:07
"COMMERCIAL BANK OF CEYLON PLC (“THE BANK”) – BASEL III COMPLIANT, TIER 2, LISTED, RATED, UNSECURED, SUBORDINATED, REDEEMABLE DEBENTURE ISSUE WITH A NON-VIABILITY CONVERSION FEATURE.",TRADING AND MARKET SURVEILLANCE,2024-06-19 15:34:39
"SIYAPATHA FINANCE PLC (“THE COMPANY”) – LISTED, RATED, SENIOR, UNSECURED, REDEEMABLE 
DEBENTURE ISSUE",TRADING AND MARKET SURVEILLANCE,2024-06-14 17:21:24
CABLE SOLUTIONS LIMITED – INITIAL PUBLIC OFFERING OF ORDINARY VOTING SHARES,TRADING AND MARKET SURVEILLANCE,2024-06-14 13:04:02
CAL FIVE YEAR OPTIMUM FUND (“Units”) – INTRODUCTION,TRADING AND MARKET SURVEILLANCE,2024-01-31 17:02:23
CAL FIVE YEAR OPTIMUM FUND (“UNITS”) – INTRODUCTION,TRADING AND MARKET SURVEILLANCE,2024-01-23 22:29:03
CARGILLS BANK LIMITED – INITIAL PUBLIC OFFERING OF ORDINARY VOTING SHARES,TRADING AND MARKET SURVEILLANCE,2024-01-05 21:22:59
CARGILLS BANK LIMITED - INITIAL PUBLIC OFFERING,TRADING AND MARKET SURVEILLANCE,2023-12-22 15:16:36
CARGILLS BANK LIMITED - INITIAL PUBLIC OFFERING 2023 FINAL FIGURES,TRADING AND MARKET SURVEILLANCE,2023-12-21 15:52:32
CARGILLS BANK LIMITED – INITIAL PUBLIC OFFERING,TRADING AND MARKET SURVEILLANCE,2023-12-14 09:05:46
CARGILLS BANK LIMITED (“THE COMPANY”) – INITIAL PUBLIC OFFERING OF ORDINARY VOTING SHARES,TRADING AND MARKET SURVEILLANCE,2023-11-24 17:09:50
"AGARAPATANA PLANTATIONS LIMITED (“THE COMPANY”) – INITIAL PUBLIC OFFERING OF 
ORDINARY VOTING SHARES",TRADING AND MARKET SURVEILLANCE,2023-08-29 17:24:43
"AGARAPATANA PLANTATIONS LIMITED (""COMPANY"") - BASIS OF ALLOTMENT",TRADING AND MARKET SURVEILLANCE,2023-08-18 18:01:49
AGARAPATANA PLATITATIONS LIMITED - INITIAL PUBLIC OFFERING 2023,TRADING AND MARKET SURVEILLANCE,2023-08-18 12:30:06
AGARAPATANA PLANTATIONS LIMITED - INITIAL PUBLIC OFFERING,TRADING AND MARKET SURVEILLANCE,2023-08-10 13:17:56
"UB FINANCE COMPANY LIMITED (“THE COMPANY”) – INITIAL PUBLIC OFFERING OF ORDINARY 
VOTING SHARES",TRADING AND MARKET SURVEILLANCE,2023-08-09 16:54:39
UB Finance Company Limited - Initial Public Offering - Basis of Allotment,TRADING AND MARKET SURVEILLANCE,2023-08-02 15:36:51
UB FINANCE COMPANY LIMITED – INITIAL PUBLIC OFFERING OF ORDINARY VOTING SHARES,TRADING AND MARKET SURVEILLANCE,2023-07-20 09:32:35
"AGARAPATANA PLANTATIONS LIMITED (“THE COMPANY”) – INITIAL PUBLIC OFFERING OF ORDINARY 
VOTING SHARES",TRADING AND MARKET SURVEILLANCE,2023-07-18 13:07:39
"UB FINANCE COMPANY LIMITED (“THE COMPANY”) – INITIAL PUBLIC OFFERING OF ORDINARY VOTING 
SHARES",TRADING AND MARKET SURVEILLANCE,2023-07-06 15:57:37
"LUMINEX LIMITED (“THE COMPANY”) – INITIAL PUBLIC OFFERING OF ORDINARY VOTING SHARES VIA 
OFFER FOR SUBSCRIPTION",TRADING AND MARKET SURVEILLANCE,2022-06-20 16:48:45
Luminex Limited - Interim Financial Statements for the quarter ended 31st March 2022,TRADING AND MARKET SURVEILLANCE,2022-06-15 15:19:48
LUMINEX LIMITED – INITIAL PUBLIC OFFERING OF ORDINARY VOTING SHARES (FINAL FIGURES),TRADING AND MARKET SURVEILLANCE,2022-06-09 15:23:57
LUMINEX LIMITED – INITIAL PUBLIC OFFERING OF ORDINARY VOTING SHARES (BASIS OF ALLOTMENT),TRADING AND MARKET SURVEILLANCE,2022-06-09 13:42:36
LUMINEX LIMITED -INITIAL PUBLIC OFFERING - ISSUE OVERSUBSCRIBED,TRADING AND MARKET SURVEILLANCE,2022-06-02 11:08:18
LUMINEX LIMITED - INITIAL PUBLIC OFFERING (SUMMARY OF APPLICATIONS RECEIVED),TRADING AND MARKET SURVEILLANCE,2022-06-01 11:12:24
CL SYNERGY LIMITED - WITHDRAWAL OF THE INITIAL PUBLIC OFFERING OF CL SYNERGY LIMITED,TRADING AND MARKET SURVEILLANCE,2022-05-30 11:19:24
ALPHA FIRE SERVICES LIMITED (THE COMPANY) - INTRODUCTION,TRADING AND MARKET SURVEILLANCE,2022-05-25 10:50:11
LUMINEX LIMITED - INITIAL PUBLIC OFFERING - SUMMARY OF APPLICATIONS RECEIVED,TRADING AND MARKET SURVEILLANCE,2022-05-24 12:32:42
"MARKET ANNOUNCEMENT - LUMINEX LIMITED – INITIAL PUBLIC OFFERING
NOTICE OF CHANGE OF SCHEDULE DATE OF THE IPO",TRADING AND MARKET SURVEILLANCE,2022-05-11 15:44:08
LUMINEX LIMITED - INITIAL PUBLIC OFFERING (NOTICE TO CHANGE OF SCHEDULE DATE OF THE IPO),TRADING AND MARKET SURVEILLANCE,2022-04-22 18:54:48
"LUMINEX LIMITED - RELEASE OF INTERIM FINANCIAL STATEMENTS FOR THE QUARTER ENDED DECEMBER 31, 2021",TRADING AND MARKET SURVEILLANCE,2022-04-22 13:07:48
LUMINEX LIMITED(“THE COMPANY”)–INITIAL PUBLIC OFFERING OF ORDINARY VOTING SHARES,TRADING AND MARKET SURVEILLANCE,2022-04-06 10:23:06
LUMINEX LIMITED (“THE COMPANY”) – INITIAL PUBLIC OFFERING OF ORDINARY VOTING SHARES,TRADING AND MARKET SURVEILLANCE,2022-04-05 11:32:36
CL SYNERGY LIMITED- EQUITY IPO 2022 - ANNOUNCEMENT ON IPO ISSUE OPENING POSTPONEMENT,TRADING AND MARKET SURVEILLANCE,2022-04-01 17:06:27
EXTERMINATORS LIMITED – INITIAL PUBLIC OFFERING,TRADING AND MARKET SURVEILLANCE,2022-03-23 08:15:17
EXTERMINATORS LIMITED – INITIAL PUBLIC OFFERING OF ORDINARY VOTING SHARES,TRADING AND MARKET SURVEILLANCE,2022-03-21 12:54:46
"HELA APPAREL HOLDINGS LIMITED – RELEASE OF INTERIM FINANCIAL STATEMENTS FOR THE 
THRID QUARTER ENDED 31 DECEMBER 2021 SUBSEQUENT TO THE IPO",TRADING AND MARKET SURVEILLANCE,2022-02-02 16:15:31
"HELA APPAREL HOLDINGS LIMITED (“THE COMPANY”) - INITIAL PUBLIC OFFERRING OF ORDINARY 
VOTING SHARES",TRADING AND MARKET SURVEILLANCE,2022-02-02 16:13:50
HELA APPAREL HOLDINGS LIMITED- INITIAL PUBLIC OFFERING (IPO),TRADING AND MARKET SURVEILLANCE,2022-01-26 12:10:27
HELA APPAREL HOLDINGS LIMITED - INITIAL PUBLIC OFFERING - EXTENSION OF CLOSURE TIME FOR THE ONLINE PORTAL,TRADING AND MARKET SURVEILLANCE,2022-01-12 20:28:43
HELA APPAREL HOLDINGS LIMITED-INITIAL PUBLIC OFFERING (OVERSUBSCRIBED),TRADING AND MARKET SURVEILLANCE,2022-01-12 09:14:15
KAPRUKA HOLDINGS LIMITED (“THE COMPANY”) – INITIAL PUBLIC OFFERING OF ORDINARY VOTING SHARES VIA OFFER FOR SUBSCRIPTION,TRADING AND MARKET SURVEILLANCE,2022-01-05 14:13:18
KAPRUKA HOLDINGS LIMITED – INITIAL PUBLIC OFFER (DETAILS OF PAYMENTS RECEIVED),TRADING AND MARKET SURVEILLANCE,2022-01-04 16:01:05
KAPRUKA HOLDINGS LIMITED - BASIS OF ALLOTMENT,TRADING AND MARKET SURVEILLANCE,2022-01-04 10:18:41
ERRATA TO THE HELA APPAREL HOLDINGS LIMITED PROSPECTUS DATED 28 DECEMBER 2021,TRADING AND MARKET SURVEILLANCE,2021-12-31 20:34:20
LOLC GENERAL INSURANCE LIMITED-INTERIM FINANCIAL STATEMENTS AS AT 30TH SEPTEMBER 2021,TRADING AND MARKET SURVEILLANCE,2021-12-30 14:22:08
LOLC GENERAL INSURANCE LIMITED-INITIAL PUBLIC OFFERING OF ORDINARY VOTING SHARES VIA OFFER FOR SALE,TRADING AND MARKET SURVEILLANCE,2021-12-30 13:21:55
CO-OPERATIVE INSURANCE COMPANY LIMITED (THE COMPANY) - INITIAL PUBLIC OFFERRING OF ORDINARY VOTING SHARES,TRADING AND MARKET SURVEILLANCE,2021-12-29 17:14:40
CO-OPERATIVE INSURANCE COMPANY LIMITED - INITIAL PUBLIC OFFERING (SUMMARY OF APPLICATIONS),TRADING AND MARKET SURVEILLANCE,2021-12-29 17:13:59
LOLC GENERAL INSURANCE LTD INITIAL PUBLIC OFFER,TRADING AND MARKET SURVEILLANCE,2021-12-29 16:36:26
CO-OPERATIVE INSURANCE COMPANY LTD IPO - BASIS OF ALLLOTMENT,TRADING AND MARKET SURVEILLANCE,2021-12-29 10:42:29
LOLC GENERAL INSURANCE LIMITED IPO,TRADING AND MARKET SURVEILLANCE,2021-12-28 16:46:48
LOLC General Insurance IPO - Basis of Allocation,TRADING AND MARKET SURVEILLANCE,2021-12-28 16:11:10
VOLUNTARY SUBMISSION OF INTERIM FINANCIAL STATEMENTS OF CO-OPERATIVE INSURANCE COMPANY LIMITED,TRADING AND MARKET SURVEILLANCE,2021-12-27 17:13:55
MYLAND DEVELOPMENTS LIMITED - INITIAL PUBLIC OFFERING OF ORDINARY VOTING SHARES VIA OFFER FOR SUBSCRIPTION,TRADING AND MARKET SURVEILLANCE,2021-12-23 17:02:34
Kapruka Holdings Limited - lnitial Public Offering,TRADING AND MARKET SURVEILLANCE,2021-12-22 09:07:31
"FIRST CAPITAL TREASURIES PLC (“THE COMPANY”) – INITIAL PUBLIC OFFERING OF ORDINARY VOTING 
SHARES VIA OFFER FOR SALE",TRADING AND MARKET SURVEILLANCE,2021-12-20 16:41:16
HELA APPAREL HOLDINGS LIMITED (THE COMPANY) – INITIAL PUBLIC OFFERING OF ORDINARY VOTING SHARES,TRADING AND MARKET SURVEILLANCE,2021-12-20 14:43:33
CO-OPERATIVE INSURANCE COMPANY LIMITED-INITIAL PUBLIC OFFERING OF ORDINARY VOTING SHARES (OVERSUBSCRIBED),TRADING AND MARKET SURVEILLANCE,2021-12-20 13:53:02
MYLAND DEVELOPMENTS LIMITED – INITIAL PUBLIC OFFERING OF ORDINARY VOTING SHARES RE: BASIS OF ALLOTMENT,TRADING AND MARKET SURVEILLANCE,2021-12-17 19:32:54
hSENID BUSINESS SOLUTIONS LIMITED,TRADING AND MARKET SURVEILLANCE,2021-12-17 13:50:12
Myland Development Limited - IPO (Summary of applications),TRADING AND MARKET SURVEILLANCE,2021-12-17 13:50:01
LOLC General Insurance Limited IPO - Oversubscribed,TRADING AND MARKET SURVEILLANCE,2021-12-16 10:17:50
FIRST CAPITAL TREASURIES PLC IPO - BASIS OF ALLOTMENT,TRADING AND MARKET SURVEILLANCE,2021-12-16 09:20:41
"FIRST CAPITAL TREASURIES PLC - INITIAL PUBLIC OFFERING OF ORDINARY
VOTING SHARES",TRADING AND MARKET SURVEILLANCE,2021-12-15 18:57:18
hSENID Business Solutions Limited IPO 2021- Announcement on over subscription,TRADING AND MARKET SURVEILLANCE,2021-12-15 11:58:42
hSenid Business Solutions Limited - Equity IPO 2021 -Number of applications,TRADING AND MARKET SURVEILLANCE,2021-12-14 17:01:53
"CAPITAL ALLIANCE LIMITED (“THE COMPANY”) – INITIAL PUBLIC OFFERING OF ORDINARY VOTING
SHARES VIA OFFER FOR SUBSCRIPTION",TRADING AND MARKET SURVEILLANCE,2021-12-13 18:14:26
KAPRUKA HOLDINGS LIMITED (“THE COMPANY”) – INITIAL PUBLIC OFFERING OF ORDINARY VOTING SHARES,TRADING AND MARKET SURVEILLANCE,2021-12-13 14:05:45
CO-OPERATIVE INSURANCE COMPANY LIMITED (“THE COMPANY”)-INITIAL PUBLIC OFFERING,TRADING AND MARKET SURVEILLANCE,2021-12-13 14:05:28
SARVODAYA DEVELOPMENT FINANCE LIMITED (“THE COMPANY”) – INITIAL PUBLIC OFFERING OF ORDINARY VOTING SHARES VIA OFFER FOR SUBSCRIPTION,TRADING AND MARKET SURVEILLANCE,2021-12-10 12:06:59
MYLAND DEVELOPMENTS LIMITED – INITIAL PUBLIC OFFERING OF ORDINARY VOTING SHARES (OVERSUBSCRIBED),TRADING AND MARKET SURVEILLANCE,2021-12-08 10:16:00
CAPITAL ALLIANCE LIMITED IPO - FINAL FIGURES IN RESPECT OF THE APPLICATIONS PROCESSED,TRADING AND MARKET SURVEILLANCE,2021-12-07 09:46:54
CAPITAL ALLIANCE LIMITED IPO - BASIS OF ALLOTMENT,TRADING AND MARKET SURVEILLANCE,2021-12-06 21:54:10
FIRST CAPITAL TREASURIES PLC - INITIAL PUBLIC OFFERING OF ORDINARY VOTING SHARES,TRADING AND MARKET SURVEILLANCE,2021-12-06 10:18:34
hSENID BUSINESS SOLUTION LIMITED- OVERSUBSCRIBED,TRADING AND MARKET SURVEILLANCE,2021-12-03 09:03:11
SARVODAYA DEVELOPMENT FINANCE LIMITED - IPO,TRADING AND MARKET SURVEILLANCE,2021-12-02 13:54:04
LOLC GENERAL INSURANCE LIMITED - INITIAL PUBLIC OFFER OF ORDINARY VOTING SHARES,TRADING AND MARKET SURVEILLANCE,2021-12-01 17:43:59
"hSENID BUSINESS SOLUTION LIMITED-RELEASE OF INTERIM FINANCIAL STATEMENTS FOR THE PERIOD ENDED OCTOBER 31, 2021",TRADING AND MARKET SURVEILLANCE,2021-11-30 13:51:22
FIRST CAPITAL TREASURIES PLC (“THE COMPANY”) – INITIAL PUBLIC OFFERING OF ORDINARY VOTING SHARES,TRADING AND MARKET SURVEILLANCE,2021-11-25 18:27:04
CAPITAL ALLIANCE LIMITED-INITIAL PUBLIC OFFERING (OVERSUBSCRIBED),TRADING AND MARKET SURVEILLANCE,2021-11-25 10:19:38
MYLAND DEVELOPMENTS LIMITED - INITIAL PUBLIC OFFERING OF ORDINARY VOTING SHARES,TRADING AND MARKET SURVEILLANCE,2021-11-24 17:50:57
Sarvodaya Development Finance Ltd - IPO 2021 Oversubscribed,TRADING AND MARKET SURVEILLANCE,2021-11-23 14:05:19
CAPITAL ALLIANCE LIMITED - DISCLOSURE REGARDING THE ADDENDUM TO THE PROSPECTUS OF CAPITAL ALLIANCE LIMITED,TRADING AND MARKET SURVEILLANCE,2021-11-19 21:37:30
hSENID BUSINESS SOLUTIONS LIMITED – INITIAL PUBLIC OFFERING OF ORDINARY VOTING SHARES VIA OFFER FOR SUBSCRIPTION,TRADING AND MARKET SURVEILLANCE,2021-11-19 20:00:25
LANKA CREDIT AND BUSINESS FINANCE LIMITED - INITIAL PUBLIC OFFERING OF ORDINARY VOTING SHARES VIA OFFER FOR SUBSCRIPTION,TRADING AND MARKET SURVEILLANCE,2021-11-11 16:13:14
CAPITAL ALLIANCE LIMITED – INITIAL PUBLIC OFFERING OF ORDINARY VOTING SHARES,TRADING AND MARKET SURVEILLANCE,2021-11-11 11:05:26
EX-PACK CORRUGATED CARTONS LIMITED (“THE COMPANY”) - INITIAL PUBLIC OFFERRING OF ORDINARY VOTING SHARES,TRADING AND MARKET SURVEILLANCE,2021-11-09 16:11:13
EX-PACK CORRUGATED CARTONS LIMITED-INITIAL PUBLIC OFFERING OF ORDINARY VOTING SHARES,TRADING AND MARKET SURVEILLANCE,2021-11-08 18:44:56
Lanka Credit and Business Finance Limited - Equity IPO 2021 - Basis of Allotment,TRADING AND MARKET SURVEILLANCE,2021-11-08 15:06:29
Invitation to invest in the IPO of LANKA CREDIT AND BUSINESS FINANCE LTD,TRADING AND MARKET SURVEILLANCE,2021-11-05 18:14:07
EX.PACK CORRUGATED CARTONS LIMITED - RELEASE OF HALF YEARLY FINANCIAL STATEMENTS AS AT 30TH SEPTEMBER 2021,TRADING AND MARKET SURVEILLANCE,2021-11-05 12:28:46
EX.PACK CORRUGATED CARTONS LIMITED - INITIAL PUBLIC OFFERING,TRADING AND MARKET SURVEILLANCE,2021-11-03 14:33:08
EX.PACK CORRUGATED CARTONS LIMITED - INITIAL PUBLIC OFFERING (Total final figures in respect of the applications processed),TRADING AND MARKET SURVEILLANCE,2021-11-03 10:53:01
Lanka Credit and Business Finance Ltd - IPO 2021 Oversubscribed,TRADING AND MARKET SURVEILLANCE,2021-10-26 11:36:55
DISCLOSURE REGARDING THE ADDENDUM TO THE PROSPECTUS OF EX-PACK CORRUGATED CARTONS LIMITED,TRADING AND MARKET SURVEILLANCE,2021-10-18 20:03:49
SARVODAYA DEVELOPMENT FINANCE LIMITED-INITIAL PUBLIC OFFERING OF ORDINARY VOTING SHARES,TRADING AND MARKET SURVEILLANCE,2021-10-18 17:58:46
LOLC Ceylon Holdings Limited - Circular on Listing via Debenture Issue,TRADING AND MARKET SURVEILLANCE,2021-10-13 12:02:22
"LOLC CEYLON HOLDINGS LIMITED - DEBENTURE ISSUE 
RE: BASIS OF ALLOTMENT",TRADING AND MARKET SURVEILLANCE,2021-10-05 17:46:54
"LOLC CEYLON HOLDINGS LIMITED - DEBENTURE ISSUE
RE: FINAL FIGURES IN RESPECT OF THE APPLICATIONS PROCESSED",TRADING AND MARKET SURVEILLANCE,2021-10-05 16:22:28
LOLC CEYLON HOLDINGS LIMITED - DEBENTURE ISSUE (OVERSUBSCRIBED),TRADING AND MARKET SURVEILLANCE,2021-09-29 18:01:04
DISCLOSURE REGARDING IMPACT OF COVID-19 ON LISTED COMPANIES,LANKA MILK FOODS (CWE) PLC,2021-07-28 15:24:21
